Marca;Modelo;Peso;RAM;Front Camera;Back Camera;Processor;Battery Capacity;Screen Size;Launched Price (USA);Launched Year;ROM
Apple;iPhone 16;174g;6GB;12MP;48MP;A17 Bionic;3600mAh;6.1 inches;USD 799;2024;128GB
Apple;iPhone 16;174g;6GB;12MP;48MP;A17 Bionic;3600mAh;6.1 inches;USD 849;2024;256GB
Apple;iPhone 16;174g;6GB;12MP;48MP;A17 Bionic;3600mAh;6.1 inches;USD 899;2024;512GB
Apple;iPhone 16 Plus;203g;6GB;12MP;48MP;A17 Bionic;4200mAh;6.7 inches;USD 899;2024;128GB
Apple;iPhone 16 Plus;203g;6GB;12MP;48MP;A17 Bionic;4200mAh;6.7 inches;USD 949;2024;256GB
Apple;iPhone 16 Plus;203g;6GB;12MP;48MP;A17 Bionic;4200mAh;6.7 inches;USD 999;2024;512GB
Apple;iPhone 16 Pro;206g;6GB;12MP / 4K;50MP + 12MP;A17 Pro;4400mAh;6.1 inches;USD 999;2024;128GB
Apple;iPhone 16 Pro;206g;8GB;12MP / 4K;50MP + 12MP;A17 Pro;4400mAh;6.1 inches;USD 1;049;2024;256GB
Apple;iPhone 16 Pro;206g;8GB;12MP / 4K;50MP + 12MP;A17 Pro;4400mAh;6.1 inches;USD 1;099;2024;512GB
Apple;iPhone 16 Pro Max;221g;6GB;12MP / 4K;48MP + 12MP;A17 Pro;4500mAh;6.7 inches;USD 1;099;2024;128GB
Apple;iPhone 16 Pro Max;221g;8GB;12MP / 4K;48MP + 12MP;A17 Pro;4500mAh;6.7 inches;USD 1;199;2024;256GB
Apple;iPhone 16 Pro Max;221g;8GB;12MP / 4K;48MP + 12MP;A17 Pro;4500mAh;6.7 inches;USD 1;299;2024;512GB
Apple;iPhone 15;171g;6GB;12MP;48MP;A16 Bionic;3200mAh;6.1 inches;USD 799;2023;128GB
Apple;iPhone 15;171g;6GB;12MP;48MP;A16 Bionic;3200mAh;6.1 inches;USD 849;2023;256GB
Apple;iPhone 15;171g;6GB;12MP;48MP;A16 Bionic;3200mAh;6.1 inches;USD 949;2023;512GB
Apple;iPhone 15 Plus;203g;6GB;12MP;48MP;A16 Bionic;4300mAh;6.7 inches;USD 899;2023;128GB
Apple;iPhone 15 Plus;203g;6GB;12MP;48MP;A16 Bionic;4300mAh;6.7 inches;USD 999;2023;256GB
Apple;iPhone 15 Plus;203g;6GB;12MP;48MP;A16 Bionic;4300mAh;6.7 inches;USD 1;049;2023;512GB
Apple;iPhone 15 Pro;206g;6GB;12MP / 4K;48MP + 12MP;A16 Bionic;4400mAh;6.1 inches;USD 1;099;2023;128GB
Apple;iPhone 15 Pro;206g;8GB;12MP / 4K;48MP + 12MP;A16 Bionic;4400mAh;6.1 inches;USD 1;199;2023;256GB
Apple;iPhone 15 Pro;206g;8GB;12MP / 4K;48MP + 12MP;A16 Bionic;4400mAh;6.1 inches;USD 1;299;2023;512GB
Apple;iPhone 15 Pro Max;221g;6GB;12MP / 4K;48MP + 12MP;A16 Bionic;4500mAh;6.7 inches;USD 1;199;2023;128GB
Apple;iPhone 15 Pro Max;221g;8GB;12MP / 4K;48MP + 12MP;A16 Bionic;4500mAh;6.7 inches;USD 1;299;2023;256GB
Apple;iPhone 15 Pro Max;221g;8GB;12MP / 4K;48MP + 12MP;A16 Bionic;4500mAh;6.7 inches;USD 1;399;2023;512GB
Apple;iPhone 14;172g;6GB;12MP;12MP + 12MP;A15 Bionic;3200mAh;6.1 inches;USD 799;2022;128GB
Apple;iPhone 14;172g;6GB;12MP;12MP + 12MP;A15 Bionic;3200mAh;6.1 inches;USD 849;2022;256GB
Apple;iPhone 14;172g;6GB;12MP;12MP + 12MP;A15 Bionic;3200mAh;6.1 inches;USD 949;2022;512GB
Apple;iPhone 14 Plus;203g;6GB;12MP;12MP + 12MP;A15 Bionic;4325mAh;6.7 inches;USD 899;2022;128GB
Apple;iPhone 14 Plus;203g;6GB;12MP;12MP + 12MP;A15 Bionic;4325mAh;6.7 inches;USD 999;2022;256GB
Apple;iPhone 14 Plus;203g;6GB;12MP;12MP + 12MP;A15 Bionic;4325mAh;6.7 inches;USD 1;049;2022;512GB
Apple;iPhone 14 Pro;206g;6GB;12MP / 4K;48MP + 12MP;A16 Bionic;4200mAh;6.1 inches;USD 1;099;2022;128GB
Apple;iPhone 14 Pro;206g;8GB;12MP / 4K;48MP + 12MP;A16 Bionic;4200mAh;6.1 inches;USD 1;199;2022;256GB
Apple;iPhone 14 Pro;206g;8GB;12MP / 4K;48MP + 12MP;A16 Bionic;4200mAh;6.1 inches;USD 1;299;2022;512GB
Apple;iPhone 14 Pro Max;221g;6GB;12MP / 4K;48MP + 12MP;A16 Bionic;4500mAh;6.7 inches;USD 1;199;2022;128GB
Apple;iPhone 14 Pro Max;221g;8GB;12MP / 4K;48MP + 12MP;A16 Bionic;4500mAh;6.7 inches;USD 1;299;2022;256GB
Apple;iPhone 14 Pro Max;221g;8GB;12MP / 4K;48MP + 12MP;A16 Bionic;4500mAh;6.7 inches;USD 1;399;2022;512GB
Apple;iPhone 13 mini;140g;4GB;12MP;12MP;A15 Bionic;2438mAh;5.4 inches;USD 699;2021;128GB
Apple;iPhone 13 mini;140g;4GB;12MP;12MP;A15 Bionic;2438mAh;5.4 inches;USD 799;2021;256GB
Apple;iPhone 13 mini;140g;4GB;12MP;12MP;A15 Bionic;2438mAh;5.4 inches;USD 899;2021;512GB
Apple;iPhone 13;174g;4GB;12MP;12MP + 12MP;A15 Bionic;3240mAh;6.1 inches;USD 799;2021;128GB
Apple;iPhone 13;174g;4GB;12MP;12MP + 12MP;A15 Bionic;3240mAh;6.1 inches;USD 899;2021;256GB
Apple;iPhone 13;174g;4GB;12MP;12MP + 12MP;A15 Bionic;3240mAh;6.1 inches;USD 999;2021;512GB
Apple;iPhone 13 Pro;204g;6GB;12MP / 4K;12MP + 12MP + 12MP;A15 Bionic;3095mAh;6.1 inches;USD 999;2021;128GB
Apple;iPhone 13 Pro;204g;6GB;12MP / 4K;12MP + 12MP + 12MP;A15 Bionic;3095mAh;6.1 inches;USD 1;099;2021;256GB
Apple;iPhone 13 Pro;204g;6GB;12MP / 4K;12MP + 12MP + 12MP;A15 Bionic;3095mAh;6.1 inches;USD 1;199;2021;512GB
Apple;iPhone 13 Pro Max;238g;6GB;12MP / 4K;12MP + 12MP + 12MP;A15 Bionic;4352mAh;6.7 inches;USD 1;099;2021;128GB
Apple;iPhone 13 Pro Max;238g;6GB;12MP / 4K;12MP + 12MP + 12MP;A15 Bionic;4352mAh;6.7 inches;USD 1;199;2021;256GB
Apple;iPhone 13 Pro Max;238g;6GB;12MP / 4K;12MP + 12MP + 12MP;A15 Bionic;4352mAh;6.7 inches;USD 1;399;2021;512GB
Apple;iPhone 12 mini;135g;4GB;12MP;12MP;A14 Bionic;2227mAh;5.4 inches;USD 699;2020;64GB
Apple;iPhone 12 mini;135g;4GB;12MP;12MP;A14 Bionic;2227mAh;5.4 inches;USD 799;2020;128GB
Apple;iPhone 12 mini;135g;4GB;12MP;12MP;A14 Bionic;2227mAh;5.4 inches;USD 899;2020;256GB
Apple;iPhone 12;164g;4GB;12MP;12MP + 12MP;A14 Bionic;2815mAh;6.1 inches;USD 799;2020;64GB
Apple;iPhone 12;164g;4GB;12MP;12MP + 12MP;A14 Bionic;2815mAh;6.1 inches;USD 899;2020;128GB
Apple;iPhone 12;164g;4GB;12MP;12MP + 12MP;A14 Bionic;2815mAh;6.1 inches;USD 999;2020;256GB
Apple;iPhone 12 Pro;189g;6GB;12MP / 4K;12MP + 12MP + 12MP;A14 Bionic;2815mAh;6.1 inches;USD 999;2020;128GB
Apple;iPhone 12 Pro;189g;6GB;12MP / 4K;12MP + 12MP + 12MP;A14 Bionic;2815mAh;6.1 inches;USD 1099;2020;256GB
Apple;iPhone 12 Pro;189g;6GB;12MP / 4K;12MP + 12MP + 12MP;A14 Bionic;2815mAh;6.1 inches;USD 1199;2020;512GB
Apple;iPhone 12 Pro Max;228g;6GB;12MP / 4K;12MP + 12MP + 12MP;A14 Bionic;3687mAh;6.7 inches;USD 1099;2020;128GB
Apple;iPhone 12 Pro Max;228g;6GB;12MP / 4K;12MP + 12MP + 12MP;A14 Bionic;3687mAh;6.7 inches;USD 1199;2020;256GB
Apple;iPhone 12 Pro Max;228g;6GB;12MP / 4K;12MP + 12MP + 12MP;A14 Bionic;3687mAh;6.7 inches;USD 1399;2020;512GB
Apple;iPhone 11;194g;4GB;12MP;12MP + 12MP;A13 Bionic;3110mAh;6.1 inches;USD 699;2019;64GB
Apple;iPhone 11;194g;4GB;12MP;12MP + 12MP;A13 Bionic;3110mAh;6.1 inches;USD 799;2019;128GB
Apple;iPhone 11;194g;4GB;12MP;12MP + 12MP;A13 Bionic;3110mAh;6.1 inches;USD 899;2019;256GB
Apple;iPhone 11 Pro;188g;4GB;12MP / 4K;12MP + 12MP + 12MP;A13 Bionic;3046mAh;5.8 inches;USD 999;2019;64GB
Apple;iPhone 11 Pro;188g;4GB;12MP / 4K;12MP + 12MP + 12MP;A13 Bionic;3046mAh;5.8 inches;USD 1099;2019;256GB
Apple;iPhone 11 Pro;188g;4GB;12MP / 4K;12MP + 12MP + 12MP;A13 Bionic;3046mAh;5.8 inches;USD 1199;2019;512GB
Apple;iPhone 11 Pro Max;226g;4GB;12MP / 4K;12MP + 12MP + 12MP;A13 Bionic;3969mAh;6.5 inches;USD 1099;2019;64GB
Apple;iPhone 11 Pro Max;226g;4GB;12MP / 4K;12MP + 12MP + 12MP;A13 Bionic;3969mAh;6.5 inches;USD 1199;2019;256GB
Apple;iPhone 11 Pro Max;226g;4GB;12MP / 4K;12MP + 12MP + 12MP;A13 Bionic;3969mAh;6.5 inches;USD 1399;2019;512GB
Apple;iPhone X;174g;3GB;7MP;12MP + 12MP;A11 Bionic;2716mAh;5.8 inches;USD 999;2017;64GB
Apple;iPhone X;174g;3GB;7MP;12MP + 12MP;A11 Bionic;2716mAh;5.8 inches;USD 1099;2017;256GB
Apple;iPhone XS;177g;4GB;7MP;12MP + 12MP;A12 Bionic;2658mAh;5.8 inches;USD 999;2018;64GB
Apple;iPhone XS;177g;4GB;7MP;12MP + 12MP;A12 Bionic;2658mAh;5.8 inches;USD 1099;2018;256GB
Apple;iPhone XS;177g;4GB;7MP;12MP + 12MP;A12 Bionic;2658mAh;5.8 inches;USD 1299;2018;512GB
Apple;iPhone XS Max;208g;4GB;7MP;12MP + 12MP;A12 Bionic;3174mAh;6.5 inches;USD 1099;2018;64GB
Apple;iPhone XS Max;208g;4GB;7MP;12MP + 12MP;A12 Bionic;3174mAh;6.5 inches;USD 1249;2018;256GB
Apple;iPhone XS Max;208g;4GB;7MP;12MP + 12MP;A12 Bionic;3174mAh;6.5 inches;USD 1399;2018;512GB
Apple;iPhone XR;194g;3GB;7MP;12MP + 12MP;A12 Bionic;2942mAh;6.1 inches;USD 749;2018;64GB
Apple;iPhone XR;194g;3GB;7MP;12MP + 12MP;A12 Bionic;2942mAh;6.1 inches;USD 799;2018;128GB
Apple;iPhone XR;194g;3GB;7MP;12MP + 12MP;A12 Bionic;2942mAh;6.1 inches;USD 899;2018;256GB
Apple;iPad Air 10.9-inch;458g;4GB;12MP;12MP;A14 Bionic;7608mAh;10.9 inches;USD 599;2020;64GB
Apple;iPad Air 10.9-inch;458g;4GB;12MP;12MP;A14 Bionic;7608mAh;10.9 inches;USD 749;2020;256GB
Apple;iPad 10.2-inch;490g;3GB;12MP;8MP;A13 Bionic;8612mAh;10.2 inches;USD 329;2020;32GB
Apple;iPad 10.2-inch;490g;3GB;12MP;8MP;A13 Bionic;8612mAh;10.2 inches;USD 429;2020;128GB
Apple;iPad Mini 7.9-inch;300.5g;3GB;7MP;8MP;A12 Bionic;5124mAh;7.9 inches;USD 399;2019;64GB
Apple;iPad Mini 7.9-inch;300.5g;3GB;7MP;8MP;A12 Bionic;5124mAh;7.9 inches;USD 499;2019;256GB
Apple;iPad Pro 11-inch;468g;4GB;7MP;12MP + 10MP;A12Z Bionic;7812mAh;11 inches;USD 799;2020;128GB
Apple;iPad Pro 11-inch;468g;4GB;7MP;12MP + 10MP;A12Z Bionic;7812mAh;11 inches;USD 899;2020;256GB
Apple;iPad Pro 11-inch;468g;6GB;7MP;12MP + 10MP;A12Z Bionic;7812mAh;11 inches;USD 1099;2020;512GB
Apple;iPad Pro 12.9-inch;682g;6GB;7MP;12MP + 10MP;A12Z Bionic;9720mAh;12.9 inches;USD 999;2020;128GB
Apple;iPad Pro 12.9-inch;682g;6GB;7MP;12MP + 10MP;A12Z Bionic;9720mAh;12.9 inches;USD 1099;2020;256GB
Apple;iPad Pro 12.9-inch;682g;6GB;7MP;12MP + 10MP;A12Z Bionic;9720mAh;12.9 inches;USD 1299;2020;512GB
Apple;iPad Pro 13-inch;708g;6GB;7MP;12MP + 10MP;A12Z Bionic;10307mAh;13 inches;USD 1099;2020;128GB
Apple;iPad Pro 13-inch;708g;6GB;7MP;12MP + 10MP;A12Z Bionic;10307mAh;13 inches;USD 1199;2020;256GB
Apple;iPad Pro 13-inch;708g;6GB;7MP;12MP + 10MP;A12Z Bionic;10307mAh;13 inches;USD 1399;2020;512GB
Apple;iPad Pro 13-inch 1TB;708g;6GB;7MP;12MP + 10MP;A12Z Bionic;10307mAh;13 inches;USD 1599;2020
Apple;iPad Pro 13-inch 2TB;708g;6GB;7MP;12MP + 10MP;A12Z Bionic;10307mAh;13 inches;USD 1799;2020
Samsung;Galaxy S24 Ultra;234g;12GB;12MP;200MP + 12MP;Exynos 2400;5000mAh;6.8 inches;USD 1199;2024;128GB
Samsung;Galaxy S24 Ultra;234g;12GB;12MP;200MP + 12MP;Exynos 2400;5000mAh;6.8 inches;USD 1299;2024;256GB
Samsung;Galaxy S24+;196g;8GB;12MP;50MP + 12MP;Exynos 2400;4800mAh;6.6 inches;USD 899;2024;128GB
Samsung;Galaxy S24+;196g;8GB;12MP;50MP + 12MP;Exynos 2400;4800mAh;6.6 inches;USD 999;2024;256GB
Samsung;Galaxy S24;168g;8GB;12MP;50MP + 12MP;Exynos 2400;4000mAh;6.1 inches;USD 799;2024;128GB
Samsung;Galaxy S24;168g;8GB;12MP;50MP + 12MP;Exynos 2400;4000mAh;6.1 inches;USD 899;2024;256GB
Samsung;Galaxy S23 Ultra;228g;12GB;12MP;200MP + 12MP;Snapdragon 8 Gen 2;5000mAh;6.8 inches;USD 1199;2023;128GB
Samsung;Galaxy S23 Ultra;228g;12GB;12MP;200MP + 12MP;Snapdragon 8 Gen 2;5000mAh;6.8 inches;USD 1299;2023;256GB
Samsung;Galaxy S23+;196g;8GB;12MP;50MP + 12MP;Snapdragon 8 Gen 2;4700mAh;6.6 inches;USD 899;2023;128GB
Samsung;Galaxy S23+;196g;8GB;12MP;50MP + 12MP;Snapdragon 8 Gen 2;4700mAh;6.6 inches;USD 999;2023;256GB
Samsung;Galaxy S23;168g;8GB;12MP;50MP + 12MP;Snapdragon 8 Gen 2;3900mAh;6.1 inches;USD 799;2023;128GB
Samsung;Galaxy S23;168g;8GB;12MP;50MP + 12MP;Snapdragon 8 Gen 2;3900mAh;6.1 inches;USD 899;2023;256GB
Samsung;Galaxy S22 Ultra;228g;12GB;10MP;108MP + 12MP;Exynos 2200;5000mAh;6.8 inches;USD 1099;2022;128GB
Samsung;Galaxy S22 Ultra;228g;12GB;10MP;108MP + 12MP;Exynos 2200;5000mAh;6.8 inches;USD 1199;2022;256GB
Samsung;Galaxy S22+;195g;8GB;10MP;50MP + 12MP;Exynos 2200;4500mAh;6.6 inches;USD 799;2022;128GB
Samsung;Galaxy S22+;195g;8GB;10MP;50MP + 12MP;Exynos 2200;4500mAh;6.6 inches;USD 899;2022;256GB
Samsung;Galaxy S22;167g;8GB;10MP;50MP + 12MP;Exynos 2200;3800mAh;6.1 inches;USD 699;2022;128GB
Samsung;Galaxy S22;167g;8GB;10MP;50MP + 12MP;Exynos 2200;3800mAh;6.1 inches;USD 799;2022;256GB
Samsung;Galaxy Z Fold 5;254g;12GB;10MP;50MP + 12MP;Snapdragon 8 Gen 2;4400mAh;7.6 inches;USD 1799;2023;256GB
Samsung;Galaxy Z Fold 5;254g;12GB;10MP;50MP + 12MP;Snapdragon 8 Gen 2;4400mAh;7.6 inches;USD 1899;2023;512GB
Samsung;Galaxy Z Flip 5;187g;8GB;12MP;12MP + 12MP;Snapdragon 8 Gen 2;3700mAh;6.7 inches;USD 999;2023;256GB
Samsung;Galaxy Z Flip 5;187g;8GB;12MP;12MP + 12MP;Snapdragon 8 Gen 2;3700mAh;6.7 inches;USD 1099;2023;512GB
Samsung;Galaxy Z Fold 4;263g;12GB;10MP;50MP + 12MP;Snapdragon 8 Gen 1;4400mAh;7.6 inches;USD 1799;2022;256GB
Samsung;Galaxy Z Fold 4;263g;12GB;10MP;50MP + 12MP;Snapdragon 8 Gen 1;4400mAh;7.6 inches;USD 1899;2022;512GB
Samsung;Galaxy Z Flip 4;187g;8GB;10MP;12MP + 12MP;Snapdragon 8 Gen 1;3700mAh;6.7 inches;USD 999;2022;256GB
Samsung;Galaxy Z Flip 4;187g;8GB;10MP;12MP + 12MP;Snapdragon 8 Gen 1;3700mAh;6.7 inches;USD 1099;2022;512GB
Samsung;Galaxy A54;189g;6GB;32MP;50MP + 12MP;Exynos 1380;5000mAh;6.4 inches;USD 399;2023;128GB
Samsung;Galaxy A54;189g;6GB;32MP;50MP + 12MP;Exynos 1380;5000mAh;6.4 inches;USD 449;2023;256GB
Samsung;Galaxy A34;199g;6GB;13MP;48MP + 8MP;MediaTek Dimensity 1080;5000mAh;6.6 inches;USD 349;2023;128GB
Samsung;Galaxy A34;199g;6GB;13MP;48MP + 8MP;MediaTek Dimensity 1080;5000mAh;6.6 inches;USD 399;2023;256GB
Samsung;Galaxy A24;195g;6GB;13MP;50MP + 5MP;MediaTek Helio G99;5000mAh;6.5 inches;USD 299;2023;128GB
Samsung;Galaxy A24;195g;6GB;13MP;50MP + 5MP;MediaTek Helio G99;5000mAh;6.5 inches;USD 349;2023;256GB
Samsung;Galaxy A14;190g;4GB;13MP;50MP + 2MP;Exynos 850;5000mAh;6.6 inches;USD 249;2023;128GB
Samsung;Galaxy A14;190g;4GB;13MP;50MP + 2MP;Exynos 850;5000mAh;6.6 inches;USD 299;2023;256GB
Samsung;Galaxy A04;188g;4GB;5MP;50MP + 2MP;Exynos 850;5000mAh;6.5 inches;USD 199;2022;64GB
Samsung;Galaxy A04;188g;4GB;5MP;50MP + 2MP;Exynos 850;5000mAh;6.5 inches;USD 249;2022;128GB
Samsung;Galaxy M54;202g;8GB;32MP;108MP + 8MP;Exynos 1380;6000mAh;6.7 inches;USD 349;2023;128GB
Samsung;Galaxy M54;202g;8GB;32MP;108MP + 8MP;Exynos 1380;6000mAh;6.7 inches;USD 399;2023;256GB
Samsung;Galaxy M34;199g;6GB;13MP;50MP + 8MP;Exynos 1280;6000mAh;6.5 inches;USD 299;2023;128GB
Samsung;Galaxy M34;199g;6GB;13MP;50MP + 8MP;Exynos 1280;6000mAh;6.5 inches;USD 349;2023;256GB
Samsung;Galaxy M14;202g;4GB;13MP;50MP + 2MP;Exynos 850;6000mAh;6.6 inches;USD 249;2023;128GB
Samsung;Galaxy M14;202g;4GB;13MP;50MP + 2MP;Exynos 850;6000mAh;6.6 inches;USD 299;2023;256GB
Samsung;Galaxy M04;188g;4GB;5MP;13MP + 2MP;MediaTek Helio P35;5000mAh;6.5 inches;USD 199;2022;64GB
Samsung;Galaxy M04;188g;4GB;5MP;13MP + 2MP;MediaTek Helio P35;5000mAh;6.5 inches;USD 249;2022;128GB
Samsung;Galaxy F54;199g;8GB;32MP;108MP + 8MP;Exynos 1380;6000mAh;6.7 inches;USD 349;2023;128GB
Samsung;Galaxy F54;199g;8GB;32MP;108MP + 8MP;Exynos 1380;6000mAh;6.7 inches;USD 399;2023;256GB
Samsung;Galaxy F34;190g;6GB;13MP;50MP + 8MP;Exynos 1280;6000mAh;6.5 inches;USD 299;2023;128GB
Samsung;Galaxy F34;190g;6GB;13MP;50MP + 8MP;Exynos 1280;6000mAh;6.5 inches;USD 349;2023;256GB
Samsung;Galaxy F14;198g;4GB;13MP;50MP + 2MP;Exynos 850;6000mAh;6.6 inches;USD 249;2023;128GB
Samsung;Galaxy F14;198g;4GB;13MP;50MP + 2MP;Exynos 850;6000mAh;6.6 inches;USD 299;2023;256GB
Samsung;Galaxy Note 20 Ultra;208g;12GB;10MP;108MP + 12MP;Exynos 990;4500mAh;6.9 inches;USD 1299;2020;128GB
Samsung;Galaxy Note 20 Ultra;208g;12GB;10MP;108MP + 12MP;Exynos 990;4500mAh;6.9 inches;USD 1399;2020;256GB
Samsung;Galaxy Note 20;192g;8GB;10MP;108MP + 12MP;Exynos 990;4300mAh;6.7 inches;USD 999;2020;128GB
Samsung;Galaxy Note 20;192g;8GB;10MP;108MP + 12MP;Exynos 990;4300mAh;6.7 inches;USD 1099;2020;256GB
Samsung;Galaxy Note 10+;196g;12GB;10MP;12MP + 16MP;Exynos 9825;4300mAh;6.8 inches;USD 1099;2019;256GB
Samsung;Galaxy Note 10+;196g;12GB;10MP;12MP + 16MP;Exynos 9825;4300mAh;6.8 inches;USD 1199;2019;512GB
Samsung;Galaxy Note 10;168g;8GB;10MP;12MP + 16MP;Exynos 9825;3500mAh;6.3 inches;USD 949;2019;256GB
Samsung;Galaxy Note 10;168g;8GB;10MP;12MP + 16MP;Exynos 9825;3500mAh;6.3 inches;USD 899;2019;128GB
Samsung;Galaxy Xcover 6 Pro;235g;6GB;13MP;50MP;Exynos 1380;4050mAh;6.6 inches;USD 499;2022;128GB
Samsung;Galaxy Xcover 5;172g;4GB;5MP;16MP;Exynos 850;3000mAh;5.3 inches;USD 249;2020;64GB
Samsung;Galaxy J8;191g;4GB;16MP;16MP + 5MP;Snapdragon 450;3500mAh;6.0 inches;USD 199;2018;64GB
Samsung;Galaxy J7 Pro;181g;3GB;13MP;13MP;Exynos 7870;3600mAh;5.5 inches;USD 179;2017;64GB
Samsung;Galaxy J6+;178g;4GB;8MP;13MP + 5MP;Snapdragon 425;3300mAh;6.0 inches;USD 169;2018;64GB
Samsung;Galaxy J4;175g;2GB;5MP;13MP;Exynos 7570;3000mAh;5.5 inches;USD 129;2018;16GB
Samsung;Galaxy C9 Pro;189g;6GB;16MP;16MP + 8MP;Snapdragon 653;4000mAh;6.0 inches;USD 399;2016;64GB
Samsung;Galaxy C7 Pro;165g;4GB;16MP;16MP;Snapdragon 625;3300mAh;5.7 inches;USD 299;2017;64GB
Samsung;Galaxy C5;143g;4GB;8MP;16MP;Snapdragon 617;2600mAh;5.2 inches;USD 249;2016;32GB
Samsung;Galaxy W22 5G;228g;12GB;10MP;108MP + 12MP;Snapdragon 888;4500mAh;7.6 inches;USD 1499;2021;256GB
Samsung;Galaxy W21 5G;229g;12GB;10MP;108MP + 12MP;Snapdragon 888;4500mAh;7.6 inches;USD 1399;2020;256GB
Samsung;Galaxy Tab S9 Ultra;732g;12GB;12MP + 12MP;13MP + 8MP;Snapdragon 8 Gen 2;11200mAh;14.6 inches;USD 1199;2023;256GB
Samsung;Galaxy Tab S9+;586g;12GB;12MP;13MP + 8MP;Snapdragon 8 Gen 2;10090mAh;12.4 inches;USD 999;2023;256GB
Samsung;Galaxy Tab S9;498g;8GB;12MP;13MP;Snapdragon 8 Gen 2;8400mAh;11 inches;USD 799;2023;128GB
Samsung;Galaxy Tab S9 FE;523g;6GB;12MP;8MP;Exynos 1380;8000mAh;10.9 inches;USD 549;2023;128GB
Samsung;Galaxy Tab S8 Ultra;726g;12GB;12MP + 12MP;13MP + 6MP;Snapdragon 8 Gen 1;11200mAh;14.6 inches;USD 1099;2022;256GB
Samsung;Galaxy Tab S8+;567g;8GB;12MP;13MP + 6MP;Snapdragon 8 Gen 1;10090mAh;12.4 inches;USD 899;2022;256GB
Samsung;Galaxy Tab S8;503g;8GB;12MP;13MP + 6MP;Snapdragon 8 Gen 1;8000mAh;11 inches;USD 699;2022;128GB
Samsung;Galaxy Tab A9+;480g;8GB;5MP;8MP;Snapdragon 695;7040mAh;11 inches;USD 229;2023;128GB
Samsung;Galaxy Tab A9;366g;4GB;2MP;8MP;MediaTek Helio G99;5100mAh;8.7 inches;USD 179;2023;64GB
Samsung;Galaxy Tab A8;508g;4GB;5MP;8MP;Unisoc T618;7040mAh;10.5 inches;USD 199;2022;64GB
Samsung;Galaxy Tab A7 Lite;366g;3GB;2MP;8MP;MediaTek Helio P22T;5100mAh;8.7 inches;USD 149;2021;32GB
Samsung;Galaxy Tab Active 5;433g;6GB;5MP;13MP;Exynos 1380;5050mAh;8 inches;USD 549;2024;128GB
Samsung;Galaxy Tab Active 4 Pro;674g;6GB;8MP;13MP;Snapdragon 778G;7600mAh;10.1 inches;USD 649;2022;128GB
Samsung;Galaxy Tab Active 3;426g;4GB;5MP;13MP;Exynos 9810;5050mAh;8 inches;USD 499;2020;64GB
Samsung;Galaxy Tab E 10.1;490g;1.5GB;2MP;5MP;Spreadtrum SC8830;5000mAh;10.1 inches;USD 129;2016;16GB
Samsung;Galaxy Tab E 8.0;360g;1.5GB;2MP;5MP;Qualcomm MSM8916;5000mAh;8 inches;USD 99;2016;16GB
OnePlus;OnePlus 12;205g;12GB;32MP;50MP + 48MP;Snapdragon 8 Gen 3;5000mAh;6.7 inches;USD 799;2024;256GB
OnePlus;OnePlus 12R;203g;12GB;16MP;50MP + 8MP;Snapdragon 8 Gen 2;4500mAh;6.7 inches;USD 699;2024;256GB
OnePlus;OnePlus 11;205g;12GB;16MP;50MP + 48MP;Snapdragon 8 Gen 1;5000mAh;6.7 inches;USD 699;2023;256GB
OnePlus;OnePlus 11R;202g;12GB;16MP;50MP + 8MP;Snapdragon 8 Gen 1;5000mAh;6.7 inches;USD 599;2023;256GB
OnePlus;OnePlus Nord 3;190g;12GB;16MP;50MP + 8MP;MediaTek Dimensity 9000;5000mAh;6.74 inches;USD 499;2023;256GB
OnePlus;OnePlus Nord CE 3;179g;8GB;16MP;50MP + 2MP;Snapdragon 782G;5000mAh;6.72 inches;USD 399;2023;128GB
OnePlus;OnePlus Nord CE 3 Lite;195g;8GB;16MP;108MP;Snapdragon 695;5000mAh;6.72 inches;USD 299;2023;128GB
OnePlus;OnePlus Nord N30 5G;192g;8GB;16MP;64MP + 2MP;MediaTek Dimensity 6020;5000mAh;6.72 inches;USD 249;2023;128GB
OnePlus;OnePlus Open;238g;16GB;32MP;48MP + 48MP;Snapdragon 8 Gen 2;4800mAh;7.8 inches;USD 1099;2024;256GB
OnePlus;OnePlus 10 Pro;200g;12GB;32MP;50MP + 48MP;Snapdragon 8 Gen 1;5000mAh;6.7 inches;USD 899;2022;256GB
OnePlus;OnePlus 10T;203g;12GB;16MP;50MP + 8MP;Snapdragon 8+ Gen 1;4500mAh;6.7 inches;USD 749;2022;256GB
OnePlus;OnePlus 9 Pro;192g;12GB;16MP;48MP + 50MP;Snapdragon 888;4500mAh;6.7 inches;USD 699;2021;256GB
OnePlus;OnePlus 9;183g;8GB;16MP;48MP + 50MP;Snapdragon 888;4500mAh;6.55 inches;USD 599;2021;128GB
OnePlus;OnePlus 11 Pro;204g;16GB;32MP;50MP + 48MP;Snapdragon 8 Gen 2;5000mAh;6.7 inches;USD 899;2023;256GB
OnePlus;OnePlus Nord 2T;190g;8GB;32MP;50MP + 8MP;MediaTek Dimensity 1300;4500mAh;6.43 inches;USD 399;2022;128GB
OnePlus;OnePlus Nord 2;190g;8GB;32MP;50MP + 8MP;MediaTek Dimensity 1200-AI;4500mAh;6.43 inches;USD 349;2021;128GB
OnePlus;OnePlus Nord N200;189g;4GB;16MP;13MP + 2MP;Snapdragon 480;5000mAh;6.49 inches;USD 199;2021;64GB
OnePlus;OnePlus Nord N100;185g;4GB;8MP;13MP + 2MP;Qualcomm Snapdragon 460;5000mAh;6.52 inches;USD 179;2020;64GB
OnePlus;OnePlus 8T Cyberpunk 2077 Edition;188g;12GB;16MP;48MP + 16MP;Snapdragon 865;4500mAh;6.55 inches;USD 749;2020;256GB
OnePlus;OnePlus 9T;192g;8GB;16MP;48MP + 50MP;Snapdragon 888;4500mAh;6.55 inches;USD 649;2021;128GB
OnePlus;OnePlus 8T;188g;12GB;16MP;48MP + 16MP;Snapdragon 865;4500mAh;6.55 inches;USD 599;2020;256GB
OnePlus;OnePlus 10T 5G;203g;12GB;16MP;50MP + 8MP;Snapdragon 8+ Gen 1;4500mAh;6.7 inches;USD 749;2022;256GB
OnePlus;OnePlus 9R 5G;189g;8GB;16MP;48MP + 5MP;Snapdragon 870;4500mAh;6.55 inches;USD 599;2021;128GB
OnePlus;OnePlus 8 Pro;199g;12GB;16MP;48MP + 48MP;Snapdragon 865;4510mAh;6.78 inches;USD 749;2020;256GB
OnePlus;OnePlus 8;180g;8GB;16MP;48MP + 16MP;Snapdragon 865;4300mAh;6.55 inches;USD 699;2020;128GB
OnePlus;OnePlus Nord CE 2 Lite;195g;6GB;16MP;64MP + 2MP;MediaTek Dimensity 900;5000mAh;6.59 inches;USD 249;2022;128GB
OnePlus;OnePlus Nord CE 2;173g;8GB;16MP;64MP + 8MP;MediaTek Dimensity 1200;4500mAh;6.43 inches;USD 299;2022;128GB
OnePlus;OnePlus Nord 1;184g;6GB;16MP;48MP + 5MP;Snapdragon 765G;4115mAh;6.44 inches;USD 349;2020;128GB
OnePlus;OnePlus Nord CE 5G;170g;6GB;16MP;64MP + 8MP;Snapdragon 750G;4500mAh;6.43 inches;USD 299;2021;128GB
OnePlus;OnePlus Nord 2 5G;189g;8GB;32MP;50MP + 8MP;MediaTek Dimensity 1200-AI;4500mAh;6.43 inches;USD 399;2021;128GB
OnePlus;OnePlus Nord N100 5G;185g;4GB;8MP;13MP + 2MP;Qualcomm Snapdragon 460;5000mAh;6.52 inches;USD 179;2020;64GB
OnePlus;OnePlus Nord N10 5G;190g;6GB;16MP;64MP + 8MP;Qualcomm Snapdragon 690;4300mAh;6.49 inches;USD 299;2020;128GB
OnePlus;OnePlus 8R;192g;8GB;16MP;48MP + 5MP;Snapdragon 865;4300mAh;6.55 inches;USD 649;2020;128GB
OnePlus;OnePlus 7R;190g;6GB;16MP;48MP + 5MP;Snapdragon 855;3700mAh;6.41 inches;USD 599;2020;128GB
OnePlus;OnePlus 6T McLaren Edition;185g;10GB;16MP;20MP + 16MP;Snapdragon 845;3700mAh;6.41 inches;USD 799;2018;256GB
OnePlus;OnePlus 5T Star Wars Edition;162g;6GB;16MP;16MP + 20MP;Snapdragon 835;3300mAh;6.01 inches;USD 649;2017;128GB
OnePlus;OnePlus 13R;210g;8GB;16MP;50MP + 8MP;Snapdragon 8 Gen 2;4500mAh;6.7 inches;USD 849;2023;128GB
OnePlus;OnePlus 11T;202g;12GB;32MP;50MP + 48MP;Snapdragon 8 Gen 2;5000mAh;6.7 inches;USD 799;2023;128GB
OnePlus;OnePlus 10R;205g;8GB;16MP;50MP + 16MP;MediaTek Dimensity 8100;4500mAh;6.7 inches;USD 599;2022;128GB
OnePlus;OnePlus 7 Pro 5G;206g;12GB;16MP;48MP + 8MP;Snapdragon 855;4000mAh;6.67 inches;USD 799;2019;256GB
OnePlus;OnePlus 6 Special Edition;177g;6GB;16MP;20MP + 16MP;Snapdragon 845;3300mAh;6.28 inches;USD 599;2018;128GB
OnePlus;OnePlus 5 Special Edition;155g;8GB;16MP;20MP + 16MP;Snapdragon 835;3300mAh;5.5 inches;USD 599;2017;128GB
OnePlus;OnePlus Nord X;190g;8GB;32MP;64MP + 8MP;Snapdragon 765G;4000mAh;6.44 inches;USD 299;2020;128GB
OnePlus;OnePlus 8 Pro McLaren Edition;199g;12GB;16MP;48MP + 8MP;Snapdragon 865;4510mAh;6.78 inches;USD 899;2020;256GB
OnePlus;OnePlus 8T Cyberpunk Edition;188g;12GB;16MP;48MP + 16MP;Snapdragon 865;4500mAh;6.55 inches;USD 799;2020;256GB
OnePlus;OnePlus 7T Pro 5G McLaren Edition;206g;12GB;16MP;48MP + 8MP;Snapdragon 855;4085mAh;6.67 inches;USD 899;2019;256GB
OnePlus;OnePlus 15R;210g;12GB;32MP;50MP + 8MP;Snapdragon 8 Gen 3;5000mAh;6.7 inches;USD 849;2023;128GB
OnePlus;OnePlus 14+;202g;8GB;16MP;64MP + 8MP;Snapdragon 8 Gen 2;4800mAh;6.55 inches;USD 799;2023;128GB
OnePlus;OnePlus 13 Pro;215g;12GB;32MP;50MP + 48MP;Snapdragon 8 Gen 2;5000mAh;6.7 inches;USD 899;2023;256GB
OnePlus;OnePlus 12T 5G;200g;12GB;16MP;50MP + 8MP;Snapdragon 8 Gen 2;5000mAh;6.7 inches;USD 849;2023;256GB
OnePlus;OnePlus Pad;550g;8GB;8MP;13MP;MediaTek Dimensity 9000;9510mAh;11.61 inches;USD 499;2023
OnePlus;OnePlus Pad 2;550g;8GB;8MP;13MP;MediaTek Dimensity 9000;9510mAh;11.61 inches;USD 549;2024
OnePlus;OnePlus Pad Pro;610g;12GB;16MP;50MP;Snapdragon 8 Gen 3;11000mAh;12.4 inches;USD 799;2024
Vivo;X200;223g;12GB;32MP;50MP;Dimensity 9400;6000mAh;6.78 inches;USD 999;2024;128GB
Vivo;X200;223g;12GB;32MP;50MP;Dimensity 9400;6000mAh;6.78 inches;USD 1099;2024;256GB
Vivo;X200 Pro;223g;16GB;32MP;200MP;Dimensity 9400;6000mAh;6.78 inches;USD 1199;2024;256GB
Vivo;X200 Pro;223g;16GB;32MP;200MP;Dimensity 9400;6000mAh;6.78 inches;USD 1299;2024;512GB
Vivo;X200 Pro Mini;187g;16GB;32MP;50MP;Dimensity 9400;5700mAh;6.31 inches;USD 949;2024;256GB
Vivo;V40e;179g;8GB;44MP;64MP;Snapdragon 778G;4100mAh;6.44 inches;USD 449;2024;128GB
Vivo;Y200 GT;190g;12GB;16MP;64MP;Dimensity 1200;5000mAh;6.58 inches;USD 399;2024;128GB
Vivo;T3 5G;180g;8GB;16MP;50MP;Snapdragon 870;5000mAh;6.67 inches;USD 349;2024;128GB
Vivo;Y100 5G;181g;8GB;16MP;64MP;Dimensity 900;4500mAh;6.38 inches;USD 299;2024;128GB
Vivo;S18 Pro;189g;12GB;32MP;108MP;Snapdragon 8 Gen 2;4700mAh;6.56 inches;USD 599;2024;256GB
Vivo;V30 Pro;192g;12GB;32MP;64MP;Dimensity 1100;4500mAh;6.44 inches;USD 549;2024;128GB
Vivo;iQOO 12;210g;16GB;16MP;50MP;Snapdragon 8 Gen 3;5000mAh;6.78 inches;USD 699;2024;256GB
Vivo;Z3;162g;6GB;12MP;16MP;Snapdragon 710;3315mAh;6.3 inches;USD 249;2018;64GB
Vivo;V9;150g;4GB;24MP;16MP;Snapdragon 626;3260mAh;6.3 inches;USD 219;2018;64GB
Vivo;X9 Plus;199g;6GB;20MP+8MP;16MP;Snapdragon 653;4000mAh;5.88 inches;USD 299;2017;128GB
Vivo;Y81;146g;3GB;5MP;13MP;MediaTek Helio P22;3260mAh;6.22 inches;USD 149;2018;32GB
Vivo;X5Max;146g;2GB;5MP;13MP;Snapdragon 615;2300mAh;5.5 inches;USD 199;2014;16GB
Vivo;V5 Plus;158g;4GB;20MP+8MP;16MP;Snapdragon 625;3055mAh;5.5 inches;USD 249;2017;64GB
Vivo;Y95;163g;4GB;20MP;13MP+2MP;Snapdragon 439;4030mAh;6.22 inches;USD 199;2018;64GB
Vivo;V3 Max;168g;4GB;8MP;13MP;Snapdragon 652;3000mAh;5.5 inches;USD 179;2016;32GB
Vivo;X3S;153g;1GB;5MP;13MP;MediaTek MT6592;2000mAh;5.0 inches;USD 139;2014;16GB
Vivo;Y66;155g;3GB;16MP;13MP;Snapdragon 430;3000mAh;5.5 inches;USD 179;2017;32GB
Vivo;V19;176g;8GB;32MP;48MP;Qualcomm Snapdragon 712;4500mAh;6.44 inches;USD 399;2020;128GB
Vivo;V19;176g;8GB;32MP;48MP;Qualcomm Snapdragon 712;4500mAh;6.44 inches;USD 429;2020;256GB
Vivo;V17 Pro;201g;8GB;32MP;48MP;Qualcomm Snapdragon 675;4100mAh;6.44 inches;USD 399;2019;128GB
Vivo;V17 Pro;201g;8GB;32MP;48MP;Qualcomm Snapdragon 675;4100mAh;6.44 inches;USD 429;2019;256GB
Vivo;Y12s;191g;3GB;8MP;13MP;MediaTek Helio P35;5000mAh;6.51 inches;USD 159;2020;64GB
Vivo;Y12s;191g;4GB;8MP;13MP;MediaTek Helio P35;5000mAh;6.51 inches;USD 179;2020;128GB
Vivo;S1 Pro;185g;6GB;32MP;48MP;MediaTek Helio P65;4500mAh;6.38 inches;USD 249;2019;128GB
Vivo;S1 Pro;185g;6GB;32MP;48MP;MediaTek Helio P65;4500mAh;6.38 inches;USD 269;2019;256GB
Vivo;Y11;190g;3GB;8MP;13MP;Qualcomm Snapdragon 439;5000mAh;6.35 inches;USD 149;2019;32GB
Vivo;Y11;190g;3GB;8MP;13MP;Qualcomm Snapdragon 439;5000mAh;6.35 inches;USD 169;2019;64GB
Vivo;V15;190g;6GB;32MP;48MP;MediaTek Helio P70;4000mAh;6.53 inches;USD 299;2019;128GB
Vivo;V15;190g;6GB;32MP;48MP;MediaTek Helio P70;4000mAh;6.53 inches;USD 319;2019;256GB
Vivo;X27 Pro;190g;8GB;32MP;48MP;Qualcomm Snapdragon 710;4000mAh;6.39 inches;USD 499;2019;128GB
Vivo;X27 Pro;190g;8GB;32MP;48MP;Qualcomm Snapdragon 710;4000mAh;6.39 inches;USD 549;2019;256GB
Vivo;Y30;193g;4GB;8MP;13MP;MediaTek Helio P35;5000mAh;6.47 inches;USD 199;2020;128GB
Vivo;Y30;193g;3GB;8MP;13MP;MediaTek Helio P35;5000mAh;6.47 inches;USD 169;2020;64GB
Vivo;Z1 Pro;159g;4GB;16MP;16MP;Qualcomm Snapdragon 712;4500mAh;6.53 inches;USD 249;2019;64GB
Vivo;Z1 Pro;159g;6GB;16MP;16MP;Qualcomm Snapdragon 712;4500mAh;6.53 inches;USD 299;2019;128GB
Vivo;X21;156g;6GB;12MP;12MP;Qualcomm Snapdragon 660;3200mAh;6.28 inches;USD 349;2018;128GB
Vivo;X21;156g;4GB;12MP;12MP;Qualcomm Snapdragon 660;3200mAh;6.28 inches;USD 299;2018;64GB
Vivo;V23e;172g;8GB;50MP;64MP;MediaTek Helio G96;4050mAh;6.44 inches;USD 299;2021;128GB
Vivo;V23e;172g;8GB;50MP;64MP;MediaTek Helio G96;4050mAh;6.44 inches;USD 349;2021;256GB
Vivo;Y33s;182g;8GB;16MP;50MP;MediaTek Helio G80;5000mAh;6.58 inches;USD 239;2021;128GB
Vivo;Y33s;182g;4GB;16MP;50MP;MediaTek Helio G80;5000mAh;6.58 inches;USD 179;2021;64GB
Vivo;X60 Pro;190g;12GB;32MP;48MP;Qualcomm Snapdragon 870;4200mAh;6.56 inches;USD 899;2021;256GB
Vivo;X60 Pro;190g;12GB;32MP;48MP;Qualcomm Snapdragon 870;4200mAh;6.56 inches;USD 999;2021;512GB
Vivo;V20 Pro;173g;8GB;44MP;64MP;Qualcomm Snapdragon 765G;4000mAh;6.44 inches;USD 499;2020;128GB
Vivo;V20 Pro;173g;8GB;44MP;64MP;Qualcomm Snapdragon 765G;4000mAh;6.44 inches;USD 549;2020;256GB
Vivo;Y75 5G;179g;8GB;16MP;50MP;MediaTek Dimensity 700;5000mAh;6.58 inches;USD 349;2021;128GB
Vivo;Y75 5G;179g;8GB;16MP;50MP;MediaTek Dimensity 700;5000mAh;6.58 inches;USD 399;2021;256GB
Vivo;Y53s;190g;6GB;16MP;64MP;MediaTek Helio G80;5000mAh;6.58 inches;USD 229;2021;128GB
Vivo;Y53s;190g;6GB;16MP;64MP;MediaTek Helio G80;5000mAh;6.58 inches;USD 179;2021;64GB
Vivo;V15 Pro;185g;6GB;32MP;48MP;Qualcomm Snapdragon 675;3700mAh;6.39 inches;USD 399;2019;128GB
Vivo;V15 Pro;185g;6GB;32MP;48MP;Qualcomm Snapdragon 675;3700mAh;6.39 inches;USD 449;2019;256GB
Vivo;X70 Pro;185g;8GB;32MP;50MP;MediaTek Dimensity 1200;4450mAh;6.56 inches;USD 749;2021;128GB
Vivo;X70 Pro;185g;8GB;32MP;50MP;MediaTek Dimensity 1200;4450mAh;6.56 inches;USD 799;2021;256GB
Vivo;T1 5G;181g;6GB;16MP;50MP;Qualcomm Snapdragon 695;5000mAh;6.58 inches;USD 269;2022;128GB
Vivo;T1 5G;181g;8GB;16MP;50MP;Qualcomm Snapdragon 695;5000mAh;6.58 inches;USD 319;2022;256GB
Vivo;X30 Pro;199g;8GB;32MP;64MP;Qualcomm Snapdragon 855;4200mAh;6.44 inches;USD 899;2019;128GB
Vivo;X30 Pro;199g;8GB;32MP;64MP;Qualcomm Snapdragon 855;4200mAh;6.44 inches;USD 949;2019;256GB
Vivo;V27;182g;8GB;50MP;50MP;MediaTek Dimensity 8200;4600mAh;6.78 inches;USD 599;2023;128GB
Vivo;V27;182g;8GB;50MP;50MP;MediaTek Dimensity 8200;4600mAh;6.78 inches;USD 649;2023;256GB
Vivo;V27 Pro;182g;8GB;50MP;50MP;MediaTek Dimensity 8200;4600mAh;6.78 inches;USD 699;2023;128GB
Vivo;V27 Pro;182g;8GB;50MP;50MP;MediaTek Dimensity 8200;4600mAh;6.78 inches;USD 749;2023;256GB
Vivo;V25 Pro;190g;8GB;32MP;64MP;MediaTek Dimensity 1300;4830mAh;6.56 inches;USD 599;2022;128GB
Vivo;V25 Pro;190g;8GB;32MP;64MP;MediaTek Dimensity 1300;4830mAh;6.56 inches;USD 649;2022;256GB
Vivo;X90 Pro;221g;12GB;32MP;50MP;MediaTek Dimensity 9200;4870mAh;6.78 inches;USD 1099;2022;256GB
Vivo;X90 Pro;221g;12GB;32MP;50MP;MediaTek Dimensity 9200;4870mAh;6.78 inches;USD 1199;2022;512GB
Vivo;Y100;190g;8GB;16MP;64MP;MediaTek Dimensity 900;4500mAh;6.44 inches;USD 399;2023;128GB
Vivo;Y100;190g;8GB;16MP;64MP;MediaTek Dimensity 900;4500mAh;6.44 inches;USD 449;2023;256GB
Vivo;T2 Series;190g;8GB;16MP;64MP;Qualcomm Snapdragon 695;4500mAh;6.44 inches;USD 299;2023;128GB
Vivo;T2 Series;190g;8GB;16MP;64MP;Qualcomm Snapdragon 695;4500mAh;6.44 inches;USD 349;2023;256GB
Vivo;V23 5G;179g;8GB;50MP;64MP;MediaTek Dimensity 920;4200mAh;6.44 inches;USD 499;2022;128GB
Vivo;V23 5G;179g;8GB;50MP;64MP;MediaTek Dimensity 920;4200mAh;6.44 inches;USD 549;2022;256GB
Vivo;X80;206g;12GB;32MP;50MP;MediaTek Dimensity 9000;4700mAh;6.78 inches;USD 899;2022;256GB
Vivo;X80;206g;12GB;32MP;50MP;MediaTek Dimensity 9000;4700mAh;6.78 inches;USD 999;2022;512GB
Vivo;Y21;182g;4GB;8MP;13MP;MediaTek Helio P35;5000mAh;6.51 inches;USD 199;2021;128GB
Vivo;Y21;182g;4GB;8MP;13MP;MediaTek Helio P35;5000mAh;6.51 inches;USD 179;2021;64GB
Vivo;Pad;498g;6GB;8MP;13MP;Snapdragon 870;8040mAh;11 inches;USD 329;2022;128GB
Vivo;Pad 2;535g;8GB;8MP;50MP;MediaTek Dimensity 1200;8040mAh;11 inches;USD 399;2023;256GB
Vivo;Pad Air;510g;6GB;8MP;13MP;Snapdragon 870;8040mAh;10.4 inches;USD 279;2023;128GB
Vivo;Pad 3;500g;6GB;8MP;13MP;Snapdragon 750G;8040mAh;11 inches;USD 349;2023;128GB
Vivo;Pad 3 Pro;550g;8GB;8MP;50MP;Snapdragon 888;8040mAh;12.3 inches;USD 449;2023;256GB
Vivo;Pad 4 Pro;560g;8GB;8MP;50MP;MediaTek Dimensity 9000;8040mAh;12.9 inches;USD 499;2024;256GB
iQOO;Pad;520g;6GB;8MP;13MP;Snapdragon 870;8040mAh;11 inches;USD 349;2023;128GB
iQOO;Pad 2;540g;8GB;8MP;50MP;Snapdragon 888;8040mAh;12.3 inches;USD 399;2024;256GB
iQOO;Pad 2 Pro;555g;8GB;8MP;50MP;Snapdragon 8 Gen 1;8040mAh;12.3 inches;USD 449;2024;256GB
Oppo;Find N3;239g;12GB;32MP;48MP + 64MP + 48MP;Snapdragon 8 Gen 2;4805mAh;7.82 inches;USD 1399;2023;512GB
Oppo;Find N3 Flip;198g;12GB;32MP;50MP + 32MP + 48MP;MediaTek Dimensity 9200;4300mAh;6.8 inches;USD 999;2023;256GB
Oppo;Find X8 Pro;210g;12GB;32MP;50MP + 50MP + 50MP;Snapdragon 8 Gen 2;5000mAh;6.8 inches;USD 1299;2024;256GB
Oppo;Find X8;195g;8GB;32MP;50MP + 50MP;Snapdragon 8 Gen 2;4800mAh;6.7 inches;USD 1099;2024;256GB
Oppo;Reno13 F 4G;192g;8GB;32MP;50MP + 8MP + 2MP;MediaTek Helio G100;5800mAh;6.67 inches;USD 499;2025;256GB
Oppo;Reno13 F;192g;8GB;32MP;50MP + 8MP + 2MP;MediaTek Helio G100;5800mAh;6.67 inches;USD 499;2025;256GB
Oppo;Reno13 Pro;210g;12GB;50MP;50MP + 50MP + 8MP;MediaTek Dimensity 8350;5800mAh;6.83 inches;USD 799;2025;512GB
Oppo;Reno13;200g;12GB;50MP;50MP + 8MP;MediaTek Dimensity 8350;5600mAh;6.59 inches;USD 699;2025;256GB
Oppo;Reno12 F 4G;187g;8GB;32MP;50MP + 8MP + 2MP;Snapdragon 685;5000mAh;6.7 inches;USD 449;2024;256GB
Oppo;Reno12 F;187g;8GB;32MP;50MP + 8MP + 2MP;Snapdragon 685;5000mAh;6.7 inches;USD 449;2024;256GB
Oppo;Reno12 Pro;190g;12GB;32MP;50MP + 32MP + 8MP;MediaTek Dimensity 8200;4600mAh;6.74 inches;USD 749;2024;512GB
Oppo;Reno12;185g;8GB;32MP;50MP + 8MP;MediaTek Dimensity 7050;5000mAh;6.7 inches;USD 599;2024;256GB
Oppo;Reno11 F;185g;8GB;32MP;64MP + 8MP + 2MP;MediaTek Dimensity 7050;5000mAh;6.7 inches;USD 499;2024;256GB
Oppo;Reno11 Pro;190g;12GB;32MP;50MP + 32MP + 8MP;MediaTek Dimensity 8200;4600mAh;6.74 inches;USD 699;2024;512GB
Oppo;A5 Pro;180g;8GB;16MP;50MP + 2MP;Dimensity 7300;6000mAh;6.7 inches;USD 599;2024;256GB
Oppo;A5 Pro;186g;12GB;16MP;50MP + 2MP;Dimensity 7300;6000mAh;6.7 inches;USD 699;2024;512GB
Oppo;A80;186g;8GB;8MP;50MP + 2MP;Dimensity 6300;5100mAh;6.67 inches;USD 499;2024;256GB
Oppo;A3 4G;186g;4GB;5MP;50MP;Snapdragon 6s 4G Gen 1;5000mAh;6.7 inches;USD 399;2024;128GB
Oppo;A3x 4G;186g;4GB;8MP;8MP + 2MP;Snapdragon 6s 4G Gen 1;5100mAh;6.67 inches;USD 449;2024;128GB
Oppo;A3x 4G;186g;6GB;8MP;8MP + 2MP;Snapdragon 6s 4G Gen 1;5100mAh;6.67 inches;USD 499;2024;256GB
Oppo;A3;186g;4GB;5MP;50MP;Snapdragon 6s 4G Gen 1;5000mAh;6.7 inches;USD 399;2024;128GB
Oppo;A3x;186g;4GB;8MP;8MP + 2MP;Snapdragon 6s 4G Gen 1;5100mAh;6.67 inches;USD 449;2024;128GB
Oppo;A3x;186g;6GB;8MP;8MP + 2MP;Snapdragon 6s 4G Gen 1;5100mAh;6.67 inches;USD 499;2024;256GB
Oppo;A3;186g;4GB;5MP;50MP;Snapdragon 6s 4G Gen 1;5000mAh;6.7 inches;USD 399;2024;128GB
Oppo;A60;186g;8GB;8MP;50MP + 2MP;Snapdragon 680 4G;5000mAh;6.67 inches;USD 449;2024;128GB
Oppo;A60;186g;8GB;8MP;50MP + 2MP;Snapdragon 680 4G;5000mAh;6.67 inches;USD 499;2024;256GB
Oppo;K12 Plus;192g;8GB;16MP;50MP;Snapdragon 7 Gen 3;6400mAh;6.7 inches;USD 699;2024;256GB
Oppo;K12 Plus;192g;12GB;16MP;50MP;Snapdragon 7 Gen 3;6400mAh;6.7 inches;USD 799;2024;512GB
Oppo;F27;175g;8GB;32MP;64MP + 2MP;Dimensity 7050;5000mAh;6.7 inches;USD 499;2024;128GB
Oppo;F27;175g;8GB;32MP;64MP + 2MP;Dimensity 7050;5000mAh;6.7 inches;USD 549;2024;256GB
Oppo;F27 Pro+;177g;8GB;32MP;64MP + 2MP;Dimensity 7050;5000mAh;6.7 inches;USD 599;2024;256GB
Oppo;F27 Pro+;177g;12GB;32MP;64MP + 2MP;Dimensity 7050;5000mAh;6.7 inches;USD 699;2024;512GB
Oppo;F25 Pro;173g;8GB;32MP;64MP + 2MP;Snapdragon 778G;4500mAh;6.55 inches;USD 549;2023;128GB
Oppo;F25 Pro;173g;8GB;32MP;64MP + 2MP;Snapdragon 778G;4500mAh;6.55 inches;USD 599;2023;256GB
Oppo;Pad 3;533g;8GB;8MP;13MP;Dimensity 8350;9510mAh;11.6 inches;USD 699;2024;128GB
Oppo;Pad 3;533g;12GB;8MP;13MP;Dimensity 8350;9510mAh;11.6 inches;USD 799;2024;256GB
Oppo;Pad 3 Pro;586g;12GB;8MP;13MP;Snapdragon 8 Gen 3;9510mAh;12.1 inches;USD 899;2024;256GB
Oppo;Pad 3 Pro;586g;16GB;8MP;13MP;Snapdragon 8 Gen 3;9510mAh;12.1 inches;USD 999;2024;512GB
Oppo;Pad Neo;520g;6GB;8MP;13MP;Snapdragon 870;8360mAh;11 inches;USD 499;2023;128GB
Oppo;Pad Neo;520g;8GB;8MP;13MP;Snapdragon 870;8360mAh;11 inches;USD 599;2023;256GB
Oppo;Find X7 Ultra;221g;12GB;32MP;50MP + 50MP + 50MP;Snapdragon 8 Gen 3;5000mAh;6.82 inches;USD 1199;2024;256GB
Oppo;Find X7 Ultra;221g;16GB;32MP;50MP + 50MP + 50MP;Snapdragon 8 Gen 3;5000mAh;6.82 inches;USD 1299;2024;512GB
Oppo;Find X7;206g;12GB;32MP;50MP + 50MP + 64MP;Dimensity 9300;5000mAh;6.78 inches;USD 1099;2024;256GB
Oppo;Find X7;206g;16GB;32MP;50MP + 50MP + 64MP;Dimensity 9300;5000mAh;6.78 inches;USD 1199;2024;512GB
Oppo;Find X6 Pro;218g;12GB;32MP;50MP + 50MP + 50MP;Snapdragon 8 Gen 2;5000mAh;6.82 inches;USD 999;2023;256GB
Oppo;Find X6 Pro;218g;16GB;32MP;50MP + 50MP + 50MP;Snapdragon 8 Gen 2;5000mAh;6.82 inches;USD 1099;2023;512GB
Oppo;Find X6;207g;12GB;32MP;50MP + 50MP + 50MP;Dimensity 9200;4800mAh;6.74 inches;USD 899;2023;256GB
Oppo;Find X6;207g;16GB;32MP;50MP + 50MP + 50MP;Dimensity 9200;4800mAh;6.74 inches;USD 999;2023;512GB
Oppo;Find X5 Pro;218g;12GB;32MP;50MP + 50MP + 13MP;Snapdragon 8 Gen 1;5000mAh;6.7 inches;USD 899;2022;256GB
Oppo;Find X5 Pro;218g;16GB;32MP;50MP + 50MP + 13MP;Snapdragon 8 Gen 1;5000mAh;6.7 inches;USD 999;2022;512GB
Oppo;Find X5;196g;8GB;32MP;50MP + 50MP + 13MP;Snapdragon 888;4800mAh;6.55 inches;USD 799;2022;256GB
Oppo;Find N2 Flip;191g;8GB;32MP;50MP + 8MP;Dimensity 9000+;4300mAh;6.8 inches;USD 899;2023;256GB
Oppo;Find N2 Flip;191g;12GB;32MP;50MP + 8MP;Dimensity 9000+;4300mAh;6.8 inches;USD 999;2023;512GB
Oppo;Find N2;233g;12GB;32MP;50MP + 48MP + 32MP;Snapdragon 8+ Gen 1;4520mAh;7.1 inches;USD 1099;2022;256GB
Oppo;Reno10 5G;180g;8GB;32MP;64MP + 32MP + 8MP;Dimensity 7050;5000mAh;6.7 inches;USD 499;2023;128GB
Oppo;Reno10 5G;180g;8GB;32MP;64MP + 32MP + 8MP;Dimensity 7050;5000mAh;6.7 inches;USD 549;2023;256GB
Oppo;Reno10 Pro 5G;186g;12GB;32MP;50MP + 32MP + 8MP;Snapdragon 778G;4600mAh;6.7 inches;USD 599;2023;256GB
Oppo;Reno10 Pro+ 5G;194g;16GB;32MP;50MP + 64MP + 8MP;Snapdragon 8+ Gen 1;4700mAh;6.74 inches;USD 699;2023;256GB
Oppo;Reno9 5G;174g;8GB;32MP;64MP + 2MP;Snapdragon 778G;4500mAh;6.7 inches;USD 449;2022;128GB
Oppo;Reno9 5G;174g;12GB;32MP;64MP + 2MP;Snapdragon 778G;4500mAh;6.7 inches;USD 499;2022;256GB
Oppo;Reno9 Pro 5G;184g;16GB;32MP;50MP + 8MP;Dimensity 8100;4500mAh;6.7 inches;USD 599;2022;256GB
Oppo;Reno9 Pro+ 5G;192g;16GB;32MP;50MP + 8MP + 2MP;Snapdragon 8+ Gen 1;4700mAh;6.7 inches;USD 649;2022;256GB
Oppo;Reno8 5G;179g;8GB;32MP;50MP + 8MP + 2MP;Dimensity 1300;4500mAh;6.4 inches;USD 399;2022;128GB
Oppo;Reno8 5G;179g;12GB;32MP;50MP + 8MP + 2MP;Dimensity 1300;4500mAh;6.4 inches;USD 449;2022;256GB
Oppo;Reno8 Pro 5G;183g;12GB;32MP;50MP + 8MP + 2MP;Dimensity 8100;4500mAh;6.7 inches;USD 549;2022;256GB
Oppo;Reno8 Pro+ 5G;195g;12GB;32MP;50MP + 8MP + 2MP;Dimensity 8100;4500mAh;6.7 inches;USD 599;2022;256GB
Oppo;Reno7 5G;173g;8GB;32MP;64MP + 8MP + 2MP;Dimensity 900;4500mAh;6.4 inches;USD 349;2021;128GB
Oppo;Reno7 5G;173g;12GB;32MP;64MP + 8MP + 2MP;Dimensity 900;4500mAh;6.4 inches;USD 399;2021;256GB
Oppo;Reno7 Pro 5G;180g;12GB;32MP;50MP + 8MP + 2MP;Dimensity 1200;4500mAh;6.55 inches;USD 499;2021;256GB
Oppo;Reno6 5G;182g;8GB;32MP;64MP + 8MP + 2MP;Dimensity 900;4300mAh;6.43 inches;USD 349;2021;128GB
Oppo;Reno6 5G;182g;12GB;32MP;64MP + 8MP + 2MP;Dimensity 900;4300mAh;6.43 inches;USD 399;2021;256GB
Oppo;Reno6 Pro 5G;177g;8GB;32MP;64MP + 8MP + 2MP + 2MP;Dimensity 1200;4500mAh;6.55 inches;USD 449;2021;128GB
Oppo;Reno6 Pro 5G;177g;12GB;32MP;64MP + 8MP + 2MP + 2MP;Dimensity 1200;4500mAh;6.55 inches;USD 499;2021;256GB
Oppo;Reno6 Pro+ 5G;188g;12GB;32MP;50MP + 13MP + 16MP + 2MP;Snapdragon 870;4500mAh;6.55 inches;USD 599;2021;256GB
Oppo;Reno5 5G;180g;8GB;32MP;64MP + 8MP + 2MP + 2MP;Snapdragon 765G;4300mAh;6.43 inches;USD 299;2020;128GB
Oppo;Reno5 5G;180g;12GB;32MP;64MP + 8MP + 2MP + 2MP;Snapdragon 765G;4300mAh;6.43 inches;USD 349;2020;256GB
Oppo;Reno5 Pro 5G;173g;8GB;32MP;64MP + 8MP + 2MP + 2MP;Dimensity 1000+;4350mAh;6.55 inches;USD 399;2020;128GB
Oppo;Reno5 Pro 5G;173g;12GB;32MP;64MP + 8MP + 2MP + 2MP;Dimensity 1000+;4350mAh;6.55 inches;USD 449;2020;256GB
Oppo;Reno5 Pro+ 5G;184g;12GB;32MP;50MP + 16MP + 13MP + 2MP;Snapdragon 865;4500mAh;6.55 inches;USD 599;2020;256GB
Oppo;Reno4 5G;183g;8GB;32MP;48MP + 8MP + 2MP + 2MP;Snapdragon 765G;4000mAh;6.43 inches;USD 299;2020;128GB
Oppo;Reno4 5G;183g;8GB;32MP;48MP + 8MP + 2MP + 2MP;Snapdragon 765G;4000mAh;6.43 inches;USD 349;2020;256GB
Oppo;Reno4 Pro 5G;172g;12GB;32MP;48MP + 13MP + 12MP;Snapdragon 765G;4000mAh;6.55 inches;USD 499;2020;256GB
Oppo;Reno3 5G;181g;8GB;32MP;64MP + 8MP + 2MP + 2MP;Dimensity 1000L;4025mAh;6.4 inches;USD 249;2019;128GB
Oppo;Reno3 5G;181g;12GB;32MP;64MP + 8MP + 2MP + 2MP;Dimensity 1000L;4025mAh;6.4 inches;USD 299;2019;256GB
Oppo;Reno3 Pro 5G;171g;12GB;32MP;48MP + 13MP + 8MP + 2MP;Snapdragon 765G;4025mAh;6.5 inches;USD 499;2019;256GB
Oppo;A59 5G;186g;6GB;8MP;13MP + 2MP;MediaTek Dimensity 6020;5000mAh;6.56 inches;USD 199;2023;128GB
Oppo;A59 5G;186g;8GB;8MP;13MP + 2MP;MediaTek Dimensity 6020;5000mAh;6.56 inches;USD 229;2023;256GB
Oppo;A58 5G;188g;8GB;8MP;50MP + 2MP;MediaTek Dimensity 700;5000mAh;6.56 inches;USD 249;2022;256GB
Oppo;A57 5G;186g;6GB;8MP;13MP + 2MP;MediaTek Dimensity 810;5000mAh;6.56 inches;USD 219;2022;128GB
Oppo;A56 5G;189g;6GB;8MP;13MP + 2MP;MediaTek Dimensity 700;5000mAh;6.5 inches;USD 199;2021;128GB
Oppo;A55 5G;186g;6GB;8MP;13MP + 2MP + 2MP;MediaTek Dimensity 700;5000mAh;6.5 inches;USD 189;2021;128GB
Oppo;A54 5G;190g;6GB;16MP;48MP + 8MP + 2MP + 2MP;Qualcomm Snapdragon 480;5000mAh;6.5 inches;USD 219;2021;128GB
Oppo;A53 5G;175g;4GB;8MP;16MP + 2MP + 2MP;MediaTek Dimensity 720;4040mAh;6.5 inches;USD 179;2020;128GB
Oppo;A52 5G;184g;4GB;8MP;12MP + 8MP + 2MP + 2MP;MediaTek Dimensity 720;4000mAh;6.5 inches;USD 169;2020;128GB
Oppo;A51 5G;186g;4GB;8MP;13MP + 2MP + 2MP;MediaTek Dimensity 700;4000mAh;6.5 inches;USD 149;2020;128GB
Oppo;A50 5G;185g;4GB;8MP;13MP + 2MP;MediaTek Dimensity 700;4000mAh;6.5 inches;USD 139;2020;128GB
Oppo;A49 5G;185g;4GB;8MP;13MP + 2MP;MediaTek Dimensity 700;4000mAh;6.5 inches;USD 129;2020;128GB
Oppo;A40;186g;4GB;5MP;50MP;Qualcomm Snapdragon 6s Gen 1;5100mAh;6.67 inches;USD 199;2024;128GB
Oppo;A40;186g;6GB;5MP;50MP;Qualcomm Snapdragon 6s Gen 1;5100mAh;6.67 inches;USD 229;2024;256GB
Oppo;K11x;195g;8GB;16MP;108MP + 2MP;Qualcomm Snapdragon 695;5000mAh;6.72 inches;USD 199;2023;128GB
Oppo;K11x;195g;12GB;16MP;108MP + 2MP;Qualcomm Snapdragon 695;5000mAh;6.72 inches;USD 229;2023;256GB
Oppo;K10x;195g;6GB;16MP;64MP + 2MP + 2MP;Qualcomm Snapdragon 695;5000mAh;6.59 inches;USD 199;2022;128GB
Oppo;K10x;195g;8GB;16MP;64MP + 2MP + 2MP;Qualcomm Snapdragon 695;5000mAh;6.59 inches;USD 229;2022;256GB
Oppo;K10 5G;205g;8GB;16MP;64MP + 8MP + 2MP;MediaTek Dimensity 8000-Max;5000mAh;6.59 inches;USD 249;2022;128GB
Oppo;K9x;194g;6GB;16MP;64MP + 2MP + 2MP;MediaTek Dimensity 810;5000mAh;6.5 inches;USD 199;2021;128GB
Oppo;K9x;194g;8GB;16MP;64MP + 2MP + 2MP;MediaTek Dimensity 810;5000mAh;6.5 inches;USD 229;2021;256GB
Oppo;K9 Pro 5G;180g;8GB;16MP;64MP + 8MP + 2MP;MediaTek Dimensity 1200;4500mAh;6.43 inches;USD 299;2021;128GB
Oppo;K9 Pro 5G;180g;12GB;16MP;64MP + 8MP + 2MP;MediaTek Dimensity 1200;4500mAh;6.43 inches;USD 329;2021;256GB
Oppo;K9 5G;172g;8GB;32MP;64MP + 8MP + 2MP;Qualcomm Snapdragon 768G;4300mAh;6.43 inches;USD 279;2021;128GB
Oppo;K9 5G;172g;8GB;32MP;64MP + 8MP + 2MP;Qualcomm Snapdragon 768G;4300mAh;6.43 inches;USD 299;2021;256GB
Oppo;K7x;194g;6GB;16MP;48MP + 8MP + 2MP + 2MP;MediaTek Dimensity 720;5000mAh;6.5 inches;USD 199;2020;128GB
Oppo;K7 5G;180g;8GB;32MP;48MP + 8MP + 2MP + 2MP;Qualcomm Snapdragon 765G;4025mAh;6.4 inches;USD 279;2020;128GB
Oppo;K7 5G;180g;8GB;32MP;48MP + 8MP + 2MP + 2MP;Qualcomm Snapdragon 765G;4025mAh;6.4 inches;USD 299;2020;256GB
Oppo;K11x;195g;8GB;16MP;108MP + 2MP;Qualcomm Snapdragon 695;5000mAh;6.72 inches;USD 199;2023;128GB
Oppo;K11x;195g;12GB;16MP;108MP + 2MP;Qualcomm Snapdragon 695;5000mAh;6.72 inches;USD 229;2023;256GB
Oppo;K11;184g;8GB;16MP;64MP + 8MP + 2MP;Qualcomm Snapdragon 782G;5000mAh;6.7 inches;USD 259;2023;128GB
Oppo;K11;184g;12GB;16MP;64MP + 8MP + 2MP;Qualcomm Snapdragon 782G;5000mAh;6.7 inches;USD 299;2023;256GB
Oppo;K10x;195g;6GB;16MP;64MP + 2MP + 2MP;Qualcomm Snapdragon 695;5000mAh;6.59 inches;USD 199;2022;128GB
Oppo;K10x;195g;8GB;16MP;64MP + 2MP + 2MP;Qualcomm Snapdragon 695;5000mAh;6.59 inches;USD 229;2022;256GB
Oppo;K10 5G;205g;8GB;16MP;64MP + 8MP + 2MP;MediaTek Dimensity 8000-Max;5000mAh;6.59 inches;USD 249;2022;128GB
Oppo;K10 5G;205g;12GB;16MP;64MP + 8MP + 2MP;MediaTek Dimensity 8000-Max;5000mAh;6.59 inches;USD 279;2022;256GB
Oppo;K9x;194g;6GB;16MP;64MP + 2MP + 2MP;MediaTek Dimensity 810;5000mAh;6.5 inches;USD 199;2021;128GB
Oppo;K9x;194g;8GB;16MP;64MP + 2MP + 2MP;MediaTek Dimensity 810;5000mAh;6.5 inches;USD 229;2021;256GB
Oppo;K9 Pro 5G;180g;8GB;16MP;64MP + 8MP + 2MP;MediaTek Dimensity 1200;4500mAh;6.43 inches;USD 299;2021;128GB
Oppo;K9 Pro 5G;180g;12GB;16MP;64MP + 8MP + 2MP;MediaTek Dimensity 1200;4500mAh;6.43 inches;USD 329;2021;256GB
Oppo;K9 5G;172g;8GB;32MP;64MP + 8MP + 2MP;Qualcomm Snapdragon 768G;4300mAh;6.43 inches;USD 279;2021;128GB
Oppo;K9 5G;172g;8GB;32MP;64MP + 8MP + 2MP;Qualcomm Snapdragon 768G;4300mAh;6.43 inches;USD 299;2021;256GB
Oppo;K7x;194g;6GB;16MP;48MP + 8MP + 2MP + 2MP;MediaTek Dimensity 720;5000mAh;6.5 inches;USD 199;2020;128GB
Oppo;K7 5G;180g;8GB;32MP;48MP + 8MP + 2MP + 2MP;Qualcomm Snapdragon 765G;4025mAh;6.4 inches;USD 279;2020;128GB
Realme;GT 7 Pro;222.8g;12GB;16MP;50MP + 50MP + 8MP;Qualcomm Snapdragon 8 Elite;6500mAh;6.78 inches;USD 470;2024;128GB
Realme;GT 7 Pro;222.8g;16GB;16MP;50MP + 50MP + 8MP;Qualcomm Snapdragon 8 Elite;6500mAh;6.78 inches;USD 500;2024;256GB
Realme;GT 6;191g;8GB;32MP;50MP + 8MP + 50MP;Qualcomm Snapdragon 8s Gen 3;5500mAh;6.78 inches;USD 380;2023;128GB
Realme;GT 6;191g;12GB;32MP;50MP + 8MP + 50MP;Qualcomm Snapdragon 8s Gen 3;5500mAh;6.78 inches;USD 400;2023;256GB
Realme;GT 6;191g;16GB;32MP;50MP + 8MP + 50MP;Qualcomm Snapdragon 8s Gen 3;5500mAh;6.78 inches;USD 420;2023;512GB
Realme;GT 6T;191g;8GB;32MP;50MP + 8MP;Qualcomm Snapdragon 7 Plus Gen 3;5500mAh;6.78 inches;USD 360;2023;128GB
Realme;GT 6T;191g;8GB;32MP;50MP + 8MP;Qualcomm Snapdragon 7 Plus Gen 3;5500mAh;6.78 inches;USD 380;2023;256GB
Realme;14 Pro+ 5G;184g;12GB;16MP;50MP + 8MP + 50MP;Qualcomm Snapdragon 7s Gen 3;6000mAh;6.83 inches;USD 340;2025;256GB
Realme;14 Pro+ 5G;184g;12GB;16MP;50MP + 8MP + 50MP;Qualcomm Snapdragon 7s Gen 3;6000mAh;6.83 inches;USD 360;2025;512GB
Realme;14 Pro 5G;184g;8GB;16MP;50MP + 8MP;MediaTek Dimensity 7300 Energy;5800mAh;6.7 inches;USD 320;2025;128GB
Realme;14 Pro 5G;184g;8GB;16MP;50MP + 8MP;MediaTek Dimensity 7300 Energy;5800mAh;6.7 inches;USD 340;2025;256GB
Realme;14x 5G;190g;6GB;16MP;48MP + 2MP + 2MP;Qualcomm Snapdragon 7s Gen 2;5500mAh;6.6 inches;USD 270;2025;128GB
Realme;14x 5G;190g;8GB;16MP;48MP + 2MP + 2MP;Qualcomm Snapdragon 7s Gen 2;5500mAh;6.6 inches;USD 290;2025;256GB
Realme;13+ 5G;185g;8GB;16MP;50MP + 2MP;MediaTek Dimensity 7200;5000mAh;6.5 inches;USD 250;2024;128GB
Realme;13+ 5G;185g;8GB;16MP;50MP + 2MP;MediaTek Dimensity 7200;5000mAh;6.5 inches;USD 270;2024;256GB
Realme;13 5G;190g;6GB;16MP;50MP + 2MP;MediaTek Dimensity 6100+;5000mAh;6.6 inches;USD 220;2024;128GB
Realme;13 5G;190g;8GB;16MP;50MP + 2MP;MediaTek Dimensity 6100+;5000mAh;6.6 inches;USD 240;2024;256GB
Realme;13 Pro 5G;192g;8GB;16MP;50MP + 8MP + 2MP;Qualcomm Snapdragon 7s Gen 2;5200mAh;6.7 inches;USD 300;2024;128GB
Realme;13 Pro 5G;192g;12GB;16MP;50MP + 8MP + 2MP;Qualcomm Snapdragon 7s Gen 2;5200mAh;6.7 inches;USD 320;2024;256GB
Realme;13 Pro+ 5G;195g;12GB;32MP;50MP + 8MP + 50MP;Qualcomm Snapdragon 7+ Gen 2;5500mAh;6.78 inches;USD 360;2024;256GB
Realme;13 Pro+ 5G;195g;16GB;32MP;50MP + 8MP + 50MP;Qualcomm Snapdragon 7+ Gen 2;5500mAh;6.78 inches;USD 380;2024;512GB
Realme;P1 Speed 5G;185g;8GB;16MP;64MP + 2MP;MediaTek Dimensity 8100;5100mAh;6.7 inches;USD 250;2024;128GB
Realme;P1 Speed 5G;185g;12GB;16MP;64MP + 2MP;MediaTek Dimensity 8100;5100mAh;6.7 inches;USD 270;2024;256GB
Realme;P2 Pro 5G;188g;12GB;32MP;50MP + 8MP + 50MP;Qualcomm Snapdragon 7+ Gen 3;5500mAh;6.78 inches;USD 340;2024;256GB
Realme;P2 Pro 5G;188g;16GB;32MP;50MP + 8MP + 50MP;Qualcomm Snapdragon 7+ Gen 3;5500mAh;6.78 inches;USD 360;2024;512GB
Realme;P1 5G;184g;6GB;16MP;50MP + 2MP;MediaTek Dimensity 6100+;5000mAh;6.6 inches;USD 200;2024;128GB
Realme;P1 5G;184g;8GB;16MP;50MP + 2MP;MediaTek Dimensity 6100+;5000mAh;6.6 inches;USD 220;2024;256GB
Realme;P1 Pro 5G;190g;8GB;16MP;64MP + 2MP;Qualcomm Snapdragon 7s Gen 1;5200mAh;6.7 inches;USD 270;2024;128GB
Realme;P1 Pro 5G;190g;12GB;16MP;64MP + 2MP;Qualcomm Snapdragon 7s Gen 1;5200mAh;6.7 inches;USD 290;2024;256GB
Realme;Narzo 70 Turbo 5G;200g;8GB;16MP;50MP + 2MP;MediaTek Dimensity 810;5000mAh;6.6 inches;USD 240;2024;128GB
Realme;Narzo 70 Turbo 5G;200g;8GB;16MP;50MP + 2MP;MediaTek Dimensity 810;5000mAh;6.6 inches;USD 260;2024;256GB
Realme;Narzo N61;195g;6GB;16MP;50MP + 2MP;MediaTek Helio G99;5000mAh;6.5 inches;USD 180;2024;128GB
Realme;Narzo N63;193g;6GB;16MP;50MP + 2MP;MediaTek Helio G88;5000mAh;6.5 inches;USD 160;2024;128GB
Realme;Narzo N65 5G;198g;8GB;16MP;50MP + 2MP;MediaTek Dimensity 700;5000mAh;6.6 inches;USD 210;2024;128GB
Realme;Narzo 70 5G;198g;8GB;16MP;50MP + 2MP;MediaTek Dimensity 810;5200mAh;6.6 inches;USD 230;2024;128GB
Realme;C75;190g;6GB;8MP;50MP + 2MP;MediaTek Helio G85;5000mAh;6.6 inches;USD 160;2024;128GB
Realme;C75;190g;8GB;8MP;50MP + 2MP;MediaTek Helio G85;5000mAh;6.6 inches;USD 180;2024;256GB
Realme;C61;189g;4GB;8MP;50MP + 2MP;Unisoc T612;5000mAh;6.5 inches;USD 130;2024;128GB
Realme;C67;195g;6GB;8MP;50MP + 2MP;MediaTek Helio G88;5000mAh;6.6 inches;USD 170;2024;128GB
Realme;C67;195g;8GB;8MP;50MP + 2MP;MediaTek Helio G88;5000mAh;6.6 inches;USD 190;2024;256GB
Realme;C65;192g;6GB;8MP;50MP + 2MP;Qualcomm Snapdragon 680;5000mAh;6.6 inches;USD 160;2024;128GB
Realme;C65;192g;8GB;8MP;50MP + 2MP;Qualcomm Snapdragon 680;5000mAh;6.6 inches;USD 180;2024;256GB
Realme;C63;191g;6GB;8MP;50MP + 2MP;MediaTek Helio G85;5000mAh;6.6 inches;USD 150;2024;128GB
Realme;C55;189g;6GB;8MP;64MP + 2MP;MediaTek Helio G88;5000mAh;6.72 inches;USD 170;2023;128GB
Realme;C55;189g;8GB;8MP;64MP + 2MP;MediaTek Helio G88;5000mAh;6.72 inches;USD 190;2023;256GB
Realme;Note 60x;198g;6GB;16MP;50MP + 2MP;MediaTek Dimensity 6100+;5200mAh;6.6 inches;USD 210;2024;128GB
Realme;Note 60;196g;6GB;16MP;50MP + 2MP;MediaTek Dimensity 810;5200mAh;6.6 inches;USD 220;2024;128GB
Realme;Note 60;196g;8GB;16MP;50MP + 2MP;MediaTek Dimensity 810;5200mAh;6.6 inches;USD 240;2024;256GB
Realme;Note 50;195g;6GB;16MP;50MP + 2MP;MediaTek Helio G99;5000mAh;6.5 inches;USD 170;2024;128GB
Realme;GT 7;199g;8GB;16MP;50MP + 8MP + 2MP;Qualcomm Snapdragon 8 Gen 2;5200mAh;6.8 inches;USD 440;2024;128GB
Realme;GT 7;199g;12GB;16MP;50MP + 8MP + 2MP;Qualcomm Snapdragon 8 Gen 2;5200mAh;6.8 inches;USD 500;2024;256GB
Realme;Neo 7;193g;8GB;16MP;64MP + 8MP + 2MP;MediaTek Dimensity 8200;5000mAh;6.7 inches;USD 330;2024;128GB
Realme;Neo 7;193g;12GB;16MP;64MP + 8MP + 2MP;MediaTek Dimensity 8200;5000mAh;6.7 inches;USD 380;2024;256GB
Realme;P2 Pro 5G;195g;8GB;16MP;50MP + 8MP;MediaTek Dimensity 9200;5100mAh;6.7 inches;USD 350;2024;128GB
Realme;P2 Pro 5G;195g;12GB;16MP;50MP + 8MP;MediaTek Dimensity 9200;5100mAh;6.7 inches;USD 400;2024;256GB
Realme;Pad;440g;4GB;8MP;8MP;MediaTek Helio G80;7100mAh;10.4 inches;USD 200;2021;64GB
Realme;Pad;440g;6GB;8MP;8MP;MediaTek Helio G80;7100mAh;10.4 inches;USD 230;2021;128GB
Realme;Pad 2;482g;6GB;8MP;8MP;MediaTek Helio G99;8360mAh;11.5 inches;USD 280;2023;128GB
Realme;Pad 2;482g;8GB;8MP;8MP;MediaTek Helio G99;8360mAh;11.5 inches;USD 320;2023;256GB
Realme;Pad 2 Lite;466g;4GB;8MP;8MP;MediaTek Helio G85;7100mAh;10.4 inches;USD 190;2023;64GB
Realme;Pad 2 Lite;466g;6GB;8MP;8MP;MediaTek Helio G85;7100mAh;10.4 inches;USD 210;2023;128GB
Realme;Pad X;499g;4GB;8MP;13MP;Qualcomm Snapdragon 695;8340mAh;11 inches;USD 310;2022;64GB
Realme;Pad X;499g;6GB;8MP;13MP;Qualcomm Snapdragon 695;8340mAh;11 inches;USD 350;2022;128GB
Realme;Pad Mini;372g;3GB;5MP;8MP;Unisoc T616;6400mAh;8.7 inches;USD 160;2022;32GB
Realme;Pad Mini;372g;4GB;5MP;8MP;Unisoc T616;6400mAh;8.7 inches;USD 180;2022;64GB
Realme;Pad Slim;440g;4GB;8MP;8MP;MediaTek Helio G80;7100mAh;10.4 inches;USD 200;2022;64GB
Realme;Pad Slim;440g;6GB;8MP;8MP;MediaTek Helio G80;7100mAh;10.4 inches;USD 220;2022;128GB
Realme;TechLife Pad Neo;465g;4GB;8MP;8MP;MediaTek Helio G85;7200mAh;10.5 inches;USD 210;2024;64GB
Realme;TechLife Pad Neo;465g;6GB;8MP;8MP;MediaTek Helio G85;7200mAh;10.5 inches;USD 230;2024;128GB
Xiaomi;Xiaomi 15 Pro;210g;12GB;32MP;50MP (Main) + 50MP (Ultra-wide) + 50MP (Telephoto);Snapdragon 8 Elite;6100mAh;6.73 inches;USD 799;2024;256GB
Xiaomi;Xiaomi 15 Pro;210g;16GB;32MP;50MP (Main) + 50MP (Ultra-wide) + 50MP (Telephoto);Snapdragon 8 Elite;6100mAh;6.73 inches;USD 899;2024;512GB
Xiaomi;Xiaomi 15 Pro 1TB;210g;16GB;32MP;50MP (Main) + 50MP (Ultra-wide) + 50MP (Telephoto);Snapdragon 8 Elite;6100mAh;6.73 inches;USD 999;2024
Xiaomi;Xiaomi 15;190g;12GB;32MP;50MP (Main) + 50MP (Ultra-wide);Snapdragon 8 Elite;5400mAh;6.36 inches;USD 699;2024;256GB
Xiaomi;Xiaomi 15;190g;16GB;32MP;50MP (Main) + 50MP (Ultra-wide);Snapdragon 8 Elite;5400mAh;6.36 inches;USD 799;2024;512GB
Xiaomi;Xiaomi 14T Pro;209g;12GB;32MP;50MP (Main) + 50MP (Ultra-wide) + 50MP (Telephoto);Dimensity 9300+;5000mAh;6.67 inches;USD 634.99;2024;256GB
Xiaomi;Xiaomi 14T Pro;209g;12GB;32MP;50MP (Main) + 50MP (Ultra-wide) + 50MP (Telephoto);Dimensity 9300+;5000mAh;6.67 inches;USD 790.77;2024;512GB
Xiaomi;Xiaomi 14T Pro 1TB;209g;12GB;32MP;50MP (Main) + 50MP (Ultra-wide) + 50MP (Telephoto);Dimensity 9300+;5000mAh;6.67 inches;USD 899;2024
Xiaomi;Xiaomi 14T;195g;12GB;32MP;50MP (Main) + 50MP (Ultra-wide);Dimensity 8300-Ultra;5000mAh;6.67 inches;USD 599;2024;256GB
Xiaomi;Xiaomi 14T;195g;12GB;32MP;50MP (Main) + 50MP (Ultra-wide);Dimensity 8300-Ultra;5000mAh;6.67 inches;USD 699;2024;512GB
Xiaomi;Xiaomi 14 Pro;206g;12GB;32MP;50MP (Main) + 50MP (Ultra-wide) + 50MP (Telephoto);Snapdragon 8 Gen 3;5000mAh;6.73 inches;USD 799;2023;256GB
Xiaomi;Xiaomi 14 Pro;206g;12GB;32MP;50MP (Main) + 50MP (Ultra-wide) + 50MP (Telephoto);Snapdragon 8 Gen 3;5000mAh;6.73 inches;USD 899;2023;512GB
Xiaomi;Xiaomi 14;189g;12GB;32MP;50MP (Main) + 50MP (Ultra-wide);Snapdragon 8 Gen 3;4610mAh;6.36 inches;USD 699;2023;256GB
Xiaomi;Xiaomi 14;189g;12GB;32MP;50MP (Main) + 50MP (Ultra-wide);Snapdragon 8 Gen 3;4610mAh;6.36 inches;USD 799;2023;512GB
Xiaomi;Redmi Note 14 Pro+ 5G;205g;8GB;16MP;200MP (Main) + 8MP (Ultra-wide) + 2MP (Macro);Snapdragon 7s Gen 3;5110mAh;6.67 inches;USD 374.90;2024;128GB
Xiaomi;Redmi Note 14 Pro+ 5G;205g;12GB;16MP;200MP (Main) + 8MP (Ultra-wide) + 2MP (Macro);Snapdragon 7s Gen 3;5110mAh;6.67 inches;USD 399.00;2024;256GB
Xiaomi;Redmi Note 14 Pro+ 5G;205g;16GB;16MP;200MP (Main) + 8MP (Ultra-wide) + 2MP (Macro);Snapdragon 7s Gen 3;5110mAh;6.67 inches;USD 429.00;2024;512GB
Xiaomi;Redmi Note 14 Pro 5G;195g;8GB;16MP;108MP (Main) + 8MP (Ultra-wide) + 2MP (Macro);MediaTek Dimensity 7300-Ultra;5500mAh;6.67 inches;USD 349.00;2024;128GB
Xiaomi;Redmi Note 14 Pro 5G;195g;12GB;16MP;108MP (Main) + 8MP (Ultra-wide) + 2MP (Macro);MediaTek Dimensity 7300-Ultra;5500mAh;6.67 inches;USD 379.00;2024;256GB
Xiaomi;Redmi Note 14 Pro 4G;190g;6GB;16MP;108MP (Main) + 8MP (Ultra-wide) + 2MP (Macro);Qualcomm Snapdragon 732G;5000mAh;6.67 inches;USD 299.00;2024;128GB
Xiaomi;Redmi Note 14 Pro 4G;190g;8GB;16MP;108MP (Main) + 8MP (Ultra-wide) + 2MP (Macro);Qualcomm Snapdragon 732G;5000mAh;6.67 inches;USD 329.00;2024;256GB
Xiaomi;Redmi Note 14 5G;185g;6GB;16MP;50MP (Main) + 8MP (Ultra-wide) + 2MP (Macro);MediaTek Dimensity 7025-Ultra;5000mAh;6.67 inches;USD 279.00;2024;128GB
Xiaomi;Redmi Note 14 5G;185g;8GB;16MP;50MP (Main) + 8MP (Ultra-wide) + 2MP (Macro);MediaTek Dimensity 7025-Ultra;5000mAh;6.67 inches;USD 309.00;2024;256GB
Xiaomi;Redmi Note 14 4G;180g;4GB;16MP;50MP (Main) + 8MP (Ultra-wide) + 2MP (Macro);Qualcomm Snapdragon 680;5000mAh;6.67 inches;USD 249.00;2024;128GB
Xiaomi;Redmi Note 14 4G;180g;6GB;16MP;50MP (Main) + 8MP (Ultra-wide) + 2MP (Macro);Qualcomm Snapdragon 680;5000mAh;6.67 inches;USD 279.00;2024;256GB
Xiaomi;Redmi 14C 5G;195g;4GB;8MP;50MP (Main) + 2MP (Depth);MediaTek Dimensity 700;5000mAh;6.5 inches;USD 199.00;2024;64GB
Xiaomi;Redmi 14C 5G;195g;6GB;8MP;50MP (Main) + 2MP (Depth);MediaTek Dimensity 700;5000mAh;6.5 inches;USD 229.00;2024;128GB
Lenovo;Legion Y70;209g;8GB;16MP;50MP;Snapdragon 8+ Gen 1;5100mAh;6.67 inches;USD 499;2022;128GB
Lenovo;Legion Y70;209g;12GB;16MP;50MP;Snapdragon 8+ Gen 1;5100mAh;6.67 inches;USD 549;2022;256GB
Lenovo;Legion Y70;209g;16GB;16MP;50MP;Snapdragon 8+ Gen 1;5100mAh;6.67 inches;USD 599;2022;512GB
Lenovo;K14 Plus;198g;4GB;8MP;48MP;Unisoc T700;5000mAh;6.5 inches;USD 199;2022;64GB
Lenovo;K14 Plus;198g;6GB;8MP;48MP;Unisoc T700;5000mAh;6.5 inches;USD 229;2022;128GB
Lenovo;K13 Pro;200g;6GB;16MP;64MP;Snapdragon 662;5000mAh;6.8 inches;USD 249;2021;128GB
Lenovo;K13;190g;2GB;5MP;13MP;Unisoc SC9863A;5000mAh;6.52 inches;USD 149;2021;32GB
Lenovo;K13 Note;200g;4GB;8MP;48MP;Snapdragon 460;5000mAh;6.5 inches;USD 199;2021;64GB
Lenovo;K10 Plus;172g;4GB;16MP;13MP;Snapdragon 632;4050mAh;6.22 inches;USD 179;2019;64GB
Lenovo;A6 Note;172g;3GB;5MP;13MP;Helio P22;4000mAh;6.09 inches;USD 149;2019;32GB
Lenovo;K10 Note;164g;4GB;16MP;16MP;Snapdragon 710;4050mAh;6.3 inches;USD 219;2019;64GB
Lenovo;K10 Note;164g;6GB;16MP;16MP;Snapdragon 710;4050mAh;6.3 inches;USD 249;2019;128GB
Lenovo;Z6 Pro;185g;6GB;32MP;48MP;Snapdragon 855;4000mAh;6.39 inches;USD 429;2019;128GB
Lenovo;Z6 Pro;185g;8GB;32MP;48MP;Snapdragon 855;4000mAh;6.39 inches;USD 479;2019;256GB
Lenovo;Z5 Pro;210g;6GB;16MP;16MP;Snapdragon 710;3350mAh;6.39 inches;USD 299;2018;64GB
Motorola;Edge 50 Fusion;168g;8GB;32MP;50MP;Snapdragon 7 Gen 1;5000mAh;6.7 inches;USD 499;2024;128GB
Motorola;Edge 50 Fusion;168g;12GB;32MP;50MP;Snapdragon 7 Gen 1;5000mAh;6.7 inches;USD 549;2024;256GB
Motorola;Edge 50 Pro;186g;8GB;50MP;50MP;Snapdragon 7 Gen 3;4500mAh;6.7 inches;USD 549;2024;128GB
Motorola;Edge 50 Pro;186g;12GB;50MP;50MP;Snapdragon 7 Gen 3;4500mAh;6.7 inches;USD 599;2024;256GB
Motorola;Razr;192g;8GB;32MP;50MP;Snapdragon 8+ Gen 1;3500mAh;6.7 inches (main) 2.7 inches (external);USD 999;2023;128GB
Motorola;Razr;192g;12GB;32MP;50MP;Snapdragon 8+ Gen 1;3500mAh;6.7 inches (main) 2.7 inches (external);USD 1099;2023;256GB
Motorola;G84 5G;166g;8GB;16MP;50MP;Snapdragon 695;5000mAh;6.5 inches;USD 299;2023;128GB
Motorola;G84 5G;166g;12GB;16MP;50MP;Snapdragon 695;5000mAh;6.5 inches;USD 349;2023;256GB
Motorola;Moto G Stylus;195g;4GB;16MP;50MP;MediaTek Helio G88;5000mAh;6.8 inches;USD 199;2023;64GB
Motorola;Moto G Stylus;195g;6GB;16MP;50MP;MediaTek Helio G88;5000mAh;6.8 inches;USD 249;2023;128GB
Motorola;One Vision 3;180g;6GB;25MP;48MP;Exynos 9609;3500mAh;6.3 inches;USD 299;2024;128GB
Motorola;One Vision 3;180g;8GB;25MP;48MP;Exynos 9609;3500mAh;6.3 inches;USD 349;2024;256GB
Motorola;Edge 50 Lite;170g;6GB;32MP;64MP;Snapdragon 695;5000mAh;6.7 inches;USD 399;2024;128GB
Motorola;Edge 50 Lite;170g;8GB;32MP;64MP;Snapdragon 695;5000mAh;6.7 inches;USD 449;2024;256GB
Motorola;Moto E40 Plus;198g;4GB;8MP;48MP;Unisoc T700;5000mAh;6.5 inches;USD 199;2023;64GB
Motorola;Moto E40 Plus;198g;6GB;8MP;48MP;Unisoc T700;5000mAh;6.5 inches;USD 229;2023;128GB
Motorola;Moto G Power;206g;4GB;16MP;50MP;Snapdragon 662;5000mAh;6.6 inches;USD 249;2022;64GB
Motorola;Moto G Power;206g;6GB;16MP;50MP;Snapdragon 662;5000mAh;6.6 inches;USD 279;2022;128GB
Motorola;Moto G Play;203g;3GB;5MP;13MP;MediaTek Helio G25;5000mAh;6.5 inches;USD 149;2022;32GB
Motorola;Moto G Play;203g;4GB;5MP;13MP;MediaTek Helio G25;5000mAh;6.5 inches;USD 179;2022;64GB
Motorola;Moto G75 5G;205g;8GB;16MP;50MP;Snapdragon 6 Gen 3;5000mAh;6.78 inches;USD 320;2024;128GB
Motorola;Moto G75 5G;205g;8GB;16MP;50MP;Snapdragon 6 Gen 3;5000mAh;6.78 inches;USD 370;2024;256GB
Motorola;Moto S50;190g;8GB;32MP;64MP;MediaTek Dimensity 8100;4500mAh;6.7 inches;USD 300;2024;128GB
Motorola;Moto S50;190g;12GB;32MP;64MP;MediaTek Dimensity 8100;4500mAh;6.7 inches;USD 350;2024;256GB
Motorola;Edge 50 Neo;171g;8GB;32MP;50MP;MediaTek Dimensity 7300;4310mAh;6.4 inches;USD 400;2024;256GB
Motorola;Edge 50 Neo;171g;12GB;32MP;50MP;MediaTek Dimensity 7300;4310mAh;6.4 inches;USD 450;2024;512GB
Motorola;Moto G55;182g;8GB;16MP;50MP;MediaTek Dimensity 7025;5000mAh;6.49 inches;USD 270;2024;128GB
Motorola;Moto G55;182g;8GB;16MP;50MP;MediaTek Dimensity 7025;5000mAh;6.49 inches;USD 320;2024;256GB
Motorola;Moto G35;188g;4GB;16MP;50MP;Unisoc T760;5000mAh;6.72 inches;USD 200;2024;128GB
Motorola;Moto G35;188g;8GB;16MP;50MP;Unisoc T760;5000mAh;6.72 inches;USD 250;2024;256GB
Motorola;Moto G45;183g;6GB;16MP;50MP;Snapdragon 6s Gen 3;5000mAh;6.5 inches;USD 250;2024;128GB
Motorola;Moto G45;183g;8GB;16MP;50MP;Snapdragon 6s Gen 3;5000mAh;6.5 inches;USD 300;2024;256GB
Motorola;Edge 50;180g;8GB;32MP;50MP;Snapdragon 7s Gen 2;4700mAh;6.7 inches;USD 450;2024;256GB
Motorola;Edge 50;180g;12GB;32MP;50MP;Snapdragon 7s Gen 2;4700mAh;6.7 inches;USD 500;2024;512GB
Motorola;Razr 50 Ultra;189g;12GB;32MP;50MP;Snapdragon 8+ Gen 1;4000mAh;6.9 inches (internal) 4.0 inches (external);USD 1199;2024;512GB
Motorola;Razr 50;188g;8GB;32MP;50MP;Snapdragon 7 Gen 1;3800mAh;6.7 inches (internal) 3.6 inches (external);USD 999;2024;256GB
Motorola;Moto G85;173g;8GB;32MP;50MP;Snapdragon 6s Gen 3;5000mAh;6.67 inches;USD 320;2024;128GB
Motorola;Moto G85;173g;12GB;32MP;50MP;Snapdragon 6s Gen 3;5000mAh;6.67 inches;USD 370;2024;256GB
Motorola;S50 Neo;170g;8GB;32MP;50MP;MediaTek Dimensity 7200;4300mAh;6.5 inches;USD 300;2024;256GB
Motorola;S50 Neo;170g;12GB;32MP;50MP;MediaTek Dimensity 7200;4300mAh;6.5 inches;USD 350;2024;512GB
Motorola;Moto E14;180g;4GB;8MP;13MP;Unisoc T606;5000mAh;6.5 inches;USD 150;2024;64GB
Motorola;Moto E14;180g;4GB;8MP;13MP;Unisoc T606;5000mAh;6.5 inches;USD 180;2024;128GB
Motorola;Edge;174g;8GB;32MP;50MP;Snapdragon 7s Gen 2;4700mAh;6.7 inches;USD 450;2024;256GB
Motorola;Edge;174g;12GB;32MP;50MP;Snapdragon 7s Gen 2;4700mAh;6.7 inches;USD 500;2024;512GB
Motorola;Moto X50 Ultra;198g;12GB;60MP;200MP;Snapdragon 8 Gen 3;5000mAh;6.9 inches;USD 1499;2024;512GB
Motorola;Moto G Stylus 5G;195g;6GB;16MP;50MP;Snapdragon 6 Gen 1;5000mAh;6.8 inches;USD 300;2024;256GB
Motorola;Moto G Stylus 5G;195g;8GB;16MP;50MP;Snapdragon 6 Gen 1;5000mAh;6.8 inches;USD 350;2024;512GB
Motorola;Edge 50 Ultra;198g;12GB;60MP;200MP;Snapdragon 8 Gen 3;5000mAh;6.9 inches;USD 1499;2024;512GB
Motorola;Edge 30 Fusion;168g;8GB;32MP;50MP;Snapdragon 888+ 5G;4400mAh;6.55 inches;USD 699;2022;128GB
Motorola;Edge 30 Fusion;168g;12GB;32MP;50MP;Snapdragon 888+ 5G;4400mAh;6.55 inches;USD 749;2022;256GB
Motorola;Edge 30 Neo;155g;6GB;32MP;64MP;Snapdragon 695 5G;4020mAh;6.28 inches;USD 499;2022;128GB
Motorola;Edge 30 Neo;155g;8GB;32MP;64MP;Snapdragon 695 5G;4020mAh;6.28 inches;USD 549;2022;256GB
Motorola;Moto G82 5G;173g;6GB;16MP;50MP;Snapdragon 695 5G;5000mAh;6.6 inches;USD 399;2022;128GB
Motorola;Moto G82 5G;173g;8GB;16MP;50MP;Snapdragon 695 5G;5000mAh;6.6 inches;USD 449;2022;256GB
Motorola;Moto G62 5G;184g;4GB;16MP;50MP;Snapdragon 480+ 5G;5000mAh;6.5 inches;USD 349;2022;128GB
Motorola;Moto G62 5G;184g;6GB;16MP;50MP;Snapdragon 480+ 5G;5000mAh;6.5 inches;USD 399;2022;256GB
Motorola;Moto G42;175g;4GB;16MP;50MP;Snapdragon 680 4G;5000mAh;6.4 inches;USD 299;2022;128GB
Motorola;Moto G32;184g;4GB;16MP;50MP;Snapdragon 680 4G;5000mAh;6.5 inches;USD 279;2022;128GB
Motorola;Moto E32s;185g;3GB;8MP;16MP;MediaTek Helio G37;5000mAh;6.5 inches;USD 199;2022;64GB
Motorola;Moto E22i;169g;2GB;5MP;16MP;MediaTek Helio G37;4020mAh;6.5 inches;USD 179;2022;32GB
Motorola;Moto E22;169g;4GB;5MP;16MP;MediaTek Helio G37;4020mAh;6.5 inches;USD 199;2022;64GB
Motorola;Moto G22;185g;4GB;16MP;50MP;MediaTek Helio G37;5000mAh;6.5 inches;USD 249;2022;64GB
Huawei;P50;181g;8GB;13MP;50MP;Snapdragon 888 4G;4100mAh;6.5 inches;USD 699;2021
Huawei;P50 Pro;195g;8GB;13MP;50MP;Snapdragon 888 4G;4360mAh;6.6 inches;USD 899;2021
Huawei;P50 Pocket;190g;8GB;10.7MP;40MP;Snapdragon 888 4G;4000mAh;6.9 inches (unfolded);USD 1299;2021
Huawei;Mate 40E;188g;8GB;13MP;64MP;Kirin 990E 5G;4200mAh;6.5 inches;USD 799;2021
Huawei;Mate X2;295g;8GB;16MP;50MP;Kirin 9000 5G;4500mAh;8.0 inches (unfolded);USD 2699;2021
Huawei;Nova 9;175g;8GB;32MP;50MP;Snapdragon 778G 4G;4300mAh;6.57 inches;USD 499;2021
Huawei;Nova 9 Pro;186g;8GB;Dual 32MP;50MP;Snapdragon 778G 4G;4000mAh;6.72 inches;USD 599;2021
Huawei;P50E;181g;8GB;13MP;50MP;Snapdragon 778G 4G;4100mAh;6.5 inches;USD 649;2022
Huawei;Mate Xs 2;255g;8GB;10.7MP;50MP;Snapdragon 888 4G;4600mAh;7.8 inches (unfolded);USD 2499;2022
Huawei;Mate 50;202g;8GB;13MP;50MP;Snapdragon 8+ Gen 1 4G;4460mAh;6.7 inches;USD 999;2022
Huawei;Mate 50 Pro;205g;8GB;13MP;50MP;Snapdragon 8+ Gen 1 4G;4700mAh;6.74 inches;USD 1199;2022
Huawei;Nova 10;168g;8GB;60MP;50MP;Snapdragon 778G 4G;4000mAh;6.67 inches;USD 499;2022
Huawei;Nova 10 Pro;191g;8GB;Dual 60MP;50MP;Snapdragon 778G 4G;4500mAh;6.78 inches;USD 599;2022
Huawei;Nova 10 SE;184g;8GB;16MP;108MP;Snapdragon 680 4G;4500mAh;6.67 inches;USD 399;2022
Huawei;P60;197g;8GB;13MP;48MP (wide) + 13MP (ultrawide) + 48MP (telephoto);Snapdragon 8+ Gen 1 4G;4815mAh;6.67 inches;USD 999;2023
Huawei;P60 Pro;200g;8GB / 12GB;13MP;48MP (wide) + 13MP (ultrawide) + 48MP (telephoto);Snapdragon 8+ Gen 1 4G;4815mAh;6.67 inches;USD 1099;2023
Huawei;P60 Art;206g;8GB / 12GB;13MP;48MP (wide) + 40MP (ultrawide) + 48MP (telephoto);Snapdragon 8+ Gen 1 4G;5100mAh;6.73 inches;USD 1299;2023
Huawei;Mate X3;239g;12GB;8MP;50MP (wide) + 13MP (ultrawide) + 12MP (periscope telephoto);Snapdragon 8+ Gen 1 4G;4800mAh;7.85 inches (unfolded);USD 2499;2023
Huawei;Mate 60;209g;12GB;13MP;50MP (wide) + 12MP (ultrawide) + 12MP (telephoto);Kirin 9000S;4750mAh;6.7 inches;USD 1099;2023
Huawei;Mate 60 Pro;225g;12GB;13MP;50MP (wide) + 40MP (ultrawide) + 48MP (telephoto);Kirin 9000S;5000mAh;6.82 inches;USD 1299;2023
Huawei;Mate 60 Pro+;235g;12GB;13MP;50MP (wide) + 48MP (ultrawide) + 48MP (telephoto);Kirin 9000S;5200mAh;6.82 inches;USD 1499;2023
Huawei;Nova 11;168g;8GB;60MP;50MP (wide) + 8MP (ultrawide);Snapdragon 778G 4G;4500mAh;6.7 inches;USD 499;2023
Huawei;Nova 11 Pro;188g;8GB;60MP (ultrawide) + 8MP (telephoto);50MP (wide) + 8MP (ultrawide);Snapdragon 778G 4G;4500mAh;6.78 inches;USD 599;2023
Huawei;Nova 11 Ultra;188g;12GB;60MP (ultrawide) + 8MP (telephoto);50MP (wide) + 8MP (ultrawide);Snapdragon 778G 4G;4500mAh;6.78 inches;USD 699;2023
Huawei;Pura 70;220g;12GB;13MP;50MP + 13MP + 12MP;Kirin 9010;4900mAh;6.8 inches;USD 999;2024
Huawei;Pura 70 Pro;220g;12GB;13MP;50MP + 12.5MP + 48MP;Kirin 9010;5050mAh;6.8 inches;USD 1099;2024
Huawei;Pura 70 Pro+;220g;12GB;13MP;50MP + 12.5MP + 48MP;Kirin 9010;5050mAh;6.8 inches;USD 1199;2024
Huawei;Pura 70 Ultra;226g;16GB;13MP;50MP + 40MP + 50MP;Kirin 9010;5200mAh;6.8 inches;USD 1299;2024
Huawei;Mate 70;220g;12GB;13MP;50MP + 12MP;Kirin 9010;4900mAh;6.7 inches;USD 899;2024
Huawei;Mate 70 Pro;220g;12GB;13MP;50MP + 12MP + 40MP;Kirin 9010;5000mAh;6.8 inches;USD 999;2024
Huawei;Mate 70 Pro+;220g;12GB;13MP;50MP + 12MP + 40MP;Kirin 9010;5000mAh;6.8 inches;USD 1099;2024
Huawei;Mate X6;241g;12GB;8MP;50MP + 13MP + 12MP;Kirin 9010;4800mAh;7.93 inches;USD 2499;2024
Huawei;Nova 12;168g;8GB;60MP;50MP + 8MP;Kirin 9000S;4500mAh;6.7 inches;USD 499;2024
Huawei;Nova 12 Pro;188g;8GB;60MP + 8MP;50MP + 8MP;Kirin 9000S;4500mAh;6.78 inches;USD 599;2024
Huawei;Mate XT;245g;12GB;13MP;50MP + 12MP + 48MP;Kirin 9010;5000mAh;7.92 inches;USD 2599;2024;256GB
Huawei;Mate XT;245g;12GB;13MP;50MP + 12MP + 48MP;Kirin 9010;5000mAh;7.92 inches;USD 2799;2024;512GB
Huawei;Nova 13;170g;8GB;50MP;50MP + 8MP;Kirin 9000S;4600mAh;6.7 inches;USD 529;2024;256GB
Huawei;Nova 13;170g;8GB;50MP;50MP + 8MP;Kirin 9000S;4600mAh;6.7 inches;USD 599;2024;512GB
Huawei;Nova 13 Pro;190g;8GB;60MP + 8MP;50MP + 8MP;Kirin 9000S;4600mAh;6.78 inches;USD 649;2024;256GB
Huawei;Nova 13 Pro;190g;8GB;60MP + 8MP;50MP + 8MP;Kirin 9000S;4600mAh;6.78 inches;USD 729;2024;512GB
Nokia;G42 5G;193g;4GB;8MP;50MP;Snapdragon 480+;5000mAh;6.56 inches;USD 229;2023;128GB
Nokia;G20;197g;4GB;8MP;48MP;MediaTek G35;5050mAh;6.52 inches;USD 169;2021;64GB
Nokia;G20;197g;4GB;8MP;48MP;MediaTek G35;5050mAh;6.52 inches;USD 189;2021;128GB
Nokia;C32;199g;3GB;8MP;50MP;Unisoc SC9863A;5000mAh;6.52 inches;USD 139;2023;64GB
Nokia;C32;199g;4GB;8MP;50MP;Unisoc SC9863A;5000mAh;6.52 inches;USD 159;2023;128GB
Nokia;G21;190g;4GB;8MP;50MP;Unisoc T606;5050mAh;6.5 inches;USD 169;2022;64GB
Nokia;G21;190g;6GB;8MP;50MP;Unisoc T606;5050mAh;6.5 inches;USD 189;2022;128GB
Nokia;C22;190g;2GB;8MP;13MP;Unisoc SC9863A;5000mAh;6.5 inches;USD 119;2023;64GB
Nokia;C22;190g;3GB;8MP;13MP;Unisoc SC9863A;5000mAh;6.5 inches;USD 139;2023;128GB
Nokia;G400;198g;6GB;16MP;48MP;Snapdragon 480;5000mAh;6.58 inches;USD 239;2022;128GB
Sony;Xperia 1 IV;185g;12GB;12MP;12MP;Snapdragon 8 Gen 1;5000mAh;6.5 inches;USD 1599;2022;256GB
Sony;Xperia 5 IV;172g;8GB;12MP;12MP;Snapdragon 8 Gen 1;5000mAh;6.1 inches;USD 999;2022;128GB
Sony;Xperia 10 IV;161g;6GB;8MP;12MP;Snapdragon 695;5000mAh;6.0 inches;USD 499;2022;128GB
Sony;Xperia 1 V;187g;12GB;12MP;48MP;Snapdragon 8 Gen 2;5000mAh;6.5 inches;USD 1699;2023;256GB
Sony;Xperia 5 V;178g;8GB;12MP;48MP;Snapdragon 8 Gen 2;5000mAh;6.1 inches;USD 1099;2023;128GB
Sony;Xperia 10 V;164g;6GB;8MP;48MP;Snapdragon 695;5000mAh;6.1 inches;USD 599;2023;128GB
Sony;Xperia 1 VI;190g;12GB;12MP;48MP;Snapdragon 8 Gen 3;5000mAh;6.5 inches;USD 1799;2024;256GB
Sony;Xperia 5 VI;180g;8GB;12MP;48MP;Snapdragon 8 Gen 3;5000mAh;6.1 inches;USD 1199;2024;128GB
Sony;Xperia 10 VI;167g;6GB;8MP;48MP;Snapdragon 7 Gen 1;5000mAh;6.1 inches;USD 699;2024;128GB
Nokia;T21;466g;4GB;8MP;8MP;Unisoc T612;8200mAh;10.4 inches;USD 39622;2022
Huawei;MatePad Pro 12.2;508g;12GB;16MP;13MP (f/1.8, AF);Kirin 9000S;10100mAh;12.2 inches;USD 999;2024;512GB
Huawei;MatePad Pro 13.2;580g;12GB;16MP;13MP (f/1.8, AF);Kirin 9000S;10100mAh;13.2 inches;USD 877;2024;512GB
Google;Pixel 3a;147g;4GB;8MP;12.2MP;Snapdragon 670;3000mAh;5.6 inches;USD 399;2019;64GB
Google;Pixel 3a XL;167g;4GB;8MP;12.2MP;Snapdragon 670;3700mAh;6.0 inches;USD 479;2019;64GB
Google;Pixel 4;162g;6GB;8MP;12.2MP;Snapdragon 855;2800mAh;5.7 inches;USD 799;2019;64GB
Google;Pixel 4 XL;193g;6GB;8MP;12.2MP;Snapdragon 855;3700mAh;6.3 inches;USD 899;2019;64GB
Google;Pixel 4a;143g;6GB;8MP;12.2MP;Snapdragon 730G;3140mAh;5.8 inches;USD 349;2020;128GB
Google;Pixel 4a 5G;168g;6GB;8MP;12.2MP;Snapdragon 765G;3885mAh;6.2 inches;USD 499;2020;128GB
Google;Pixel 5;151g;8GB;8MP;12.2MP;Snapdragon 765G;4080mAh;6.0 inches;USD 699;2020;128GB
Google;Pixel 5a;183g;6GB;8MP;12.2MP;Snapdragon 765G;4680mAh;6.34 inches;USD 449;2021;128GB
Google;Pixel 6;207g;8GB;8MP;50MP;Google Tensor;4614mAh;6.4 inches;USD 699;2021;128GB
Google;Pixel 6 Pro;210g;12GB;11.1MP;50MP;Google Tensor;5003mAh;6.71 inches;USD 899;2021;256GB
Google;Pixel 6a;178g;6GB;8MP;12.2MP;Google Tensor;4410mAh;6.1 inches;USD 449;2022;128GB
Google;Pixel 7;197g;8GB;10.8MP;50MP;Google Tensor G2;4355mAh;6.3 inches;USD 599;2022;128GB
Google;Pixel 7 Pro;212g;12GB;10.8MP;50MP;Google Tensor G2;5000mAh;6.7 inches;USD 899;2022;256GB
Google;Pixel 7a;193g;8GB;10.8MP;64MP;Google Tensor G2;4385mAh;6.1 inches;USD 499;2023;128GB
Google;Pixel 8;187g;8GB;10.5MP;50MP;Google Tensor G3;4575mAh;6.2 inches;USD 699;2023;128GB
Google;Pixel 8 Pro;213g;12GB;10.5MP;50MP;Google Tensor G3;5050mAh;6.7 inches;USD 999;2023;256GB
Google;Pixel 8a;194g;8GB;10.5MP;64MP;Google Tensor G3;4385mAh;6.1 inches;USD 549;2024;128GB
Google;Pixel 9;195g;8GB;10.8MP;50MP;Google Tensor G4;4600mAh;6.3 inches;USD 799;2024;128GB
Google;Pixel 9 Pro;216g;12GB;10.8MP;50MP;Google Tensor G4;5050mAh;6.7 inches;USD 1099;2024;256GB
Google;Pixel 9 Pro XL;222g;16GB;10.8MP;50MP;Google Tensor G4;5250mAh;6.8 inches;USD 1299;2024;512GB
Google;Pixel 9 Pro Fold;250g;16GB;10.8MP;50MP;Google Tensor G4;5500mAh;7.6 inches;USD 1799;2024;512GB
Tecno;Spark Go 1S;190g;4GB;8MP;13MP;MediaTek Helio A22;5000mAh;6.6 inches;USD 129;2024;64GB
Tecno;Megapad 11;450g;8GB;13MP;50MP;MediaTek G99;8000mAh;11 inches;USD 349;2024;256GB
Tecno;Pop 9 4G;195g;3GB;5MP;8MP;Unisoc SC9863A;5000mAh;6.52 inches;USD 99;2024;64GB
Tecno;Megapad;420g;6GB;12MP;50MP;MediaTek Helio G80;7500mAh;10.9 inches;USD 299;2024;128GB
Tecno;Camon 30S;198g;8GB;32MP;50MP;MediaTek Dimensity 810;5200mAh;6.8 inches;USD 499;2024;256GB
Tecno;Spark 30C 5G;200g;6GB;16MP;50MP;MediaTek Dimensity 6100+;5000mAh;6.6 inches;USD 199;2024;128GB
Tecno;Spark 30 5G;195g;6GB;16MP;50MP;MediaTek Dimensity 6020;5000mAh;6.6 inches;USD 229;2024;128GB
Tecno;Pop 9;190g;3GB;5MP;8MP;Unisoc SC9832E;5000mAh;6.52 inches;USD 89;2024;64GB
Tecno;Spark 30 Pro;205g;8GB;32MP;50MP;MediaTek Helio G99;5200mAh;6.8 inches;USD 269;2024;256GB
Tecno;Spark 30;192g;4GB;16MP;50MP;MediaTek Helio G85;5000mAh;6.6 inches;USD 179;2024;128GB
Tecno;Phantom V Fold2;280g;12GB;32MP;64MP;MediaTek Dimensity 9200+;5500mAh;7.85 inches;USD 1799;2024;512GB
Tecno;Phantom V Flip2;195g;8GB;32MP;50MP;MediaTek Dimensity 8050;4300mAh;6.9 inches;USD 999;2024;256GB
Tecno;Pova 6 Neo 5G;225g;8GB;16MP;50MP;MediaTek Dimensity 810;6000mAh;6.8 inches;USD 349;2024;256GB
Tecno;Spark 30C;190g;4GB;16MP;50MP;MediaTek Helio G85;5000mAh;6.6 inches;USD 149;2024;128GB
Tecno;Spark Go 1;195g;3GB;5MP;8MP;Unisoc SC9863A;5000mAh;6.52 inches;USD 99;2024;64GB
Tecno;Camon 30S Pro;202g;12GB;50MP;108MP;MediaTek Dimensity 9200;5200mAh;6.9 inches;USD 1099;2024;512GB
Tecno;Spark 20P;195g;4GB;16MP;50MP;MediaTek Helio G85;5000mAh;6.6 inches;USD 179;2024;128GB
Tecno;Spark 20 Pro 5G;210g;8GB;32MP;50MP;MediaTek Dimensity 810;5200mAh;6.8 inches;USD 329;2024;256GB
Tecno;Pova 6 Neo;230g;8GB;16MP;50MP;MediaTek Helio G99;6000mAh;6.8 inches;USD 299;2024;256GB
Tecno;Camon 30 Premier;210g;12GB;50MP;108MP;MediaTek Dimensity 9200;5200mAh;6.9 inches;USD 1199;2024;512GB
Tecno;Camon 30 Pro;205g;12GB;50MP;64MP;MediaTek Dimensity 8200;5200mAh;6.8 inches;USD 899;2024;512GB
Tecno;Camon 30 5G;198g;8GB;32MP;50MP;MediaTek Dimensity 810;5000mAh;6.7 inches;USD 499;2024;256GB
Tecno;Camon 30;195g;6GB;32MP;50MP;MediaTek Helio G99;5000mAh;6.7 inches;USD 349;2024;128GB
Tecno;Pova 6 Pro;230g;12GB;32MP;64MP;MediaTek Dimensity 8100;6000mAh;6.9 inches;USD 1099;2024;512GB
Tecno;Spark 20 Pro+;210g;8GB;32MP;50MP;MediaTek Helio G99;5200mAh;6.8 inches;USD 269;2024;256GB
Tecno;Spark 20 Pro;195g;6GB;16MP;50MP;MediaTek Helio G85;5000mAh;6.6 inches;USD 199;2024;128GB
Tecno;Spark 20;192g;4GB;16MP;50MP;MediaTek Helio G85;5000mAh;6.6 inches;USD 179;2024;128GB
Tecno;Spark 20C;190g;4GB;16MP;50MP;MediaTek Helio G85;5000mAh;6.6 inches;USD 149;2024;128GB
Tecno;Spark Go 2024;195g;3GB;5MP;8MP;Unisoc SC9863A;5000mAh;6.52 inches;USD 99;2024;64GB
Tecno;Pop 8;195g;3GB;5MP;8MP;Unisoc SC9832E;5000mAh;6.52 inches;USD 89;2024;64GB
Tecno;Camon 20s Pro 5G;202g;12GB;50MP;108MP;MediaTek Dimensity 9200;5200mAh;6.9 inches;USD 1099;2024;512GB
Tecno;Camon 20s Pro;202g;12GB;50MP;108MP;MediaTek Dimensity 810;5200mAh;6.9 inches;USD 899;2024;256GB
Tecno;Camon 20s;200g;8GB;32MP;50MP;MediaTek Helio G99;5000mAh;6.7 inches;USD 449;2024;256GB
Tecno;Camon 20 Premier;205g;12GB;50MP;108MP;MediaTek Dimensity 8200;5200mAh;6.8 inches;USD 1049;2024;512GB
Tecno;Camon 20 Pro 5G;200g;8GB;32MP;50MP;MediaTek Dimensity 810;5000mAh;6.7 inches;USD 499;2024;256GB
Tecno;Camon 20 Pro;198g;6GB;32MP;50MP;MediaTek Helio G99;5000mAh;6.7 inches;USD 349;2024;128GB
Tecno;Camon 20;195g;6GB;32MP;50MP;MediaTek Helio G99;5000mAh;6.7 inches;USD 349;2024;128GB
Tecno;Pova 5G;240g;8GB;32MP;50MP;MediaTek Dimensity 900;6000mAh;6.9 inches;USD 699;2024;512GB
Tecno;Pova 5;230g;8GB;16MP;50MP;MediaTek Helio G99;6000mAh;6.8 inches;USD 329;2024;256GB
Infinix;Xpad;450g;6GB;8MP;13MP;MediaTek Helio G99;7000mAh;10.1 inches;USD 299;2024
Infinix;Xpad 5G;470g;8GB;16MP;50MP;MediaTek Dimensity 810;8000mAh;10.4 inches;USD 399;2024
Infinix;Xpad Lite;420g;4GB;5MP;8MP;Unisoc T606;6000mAh;9.7 inches;USD 219;2024
Infinix;Xpad Pro;480g;12GB;32MP;50MP;MediaTek Dimensity 9200;9000mAh;11.0 inches;USD 549;2024
Infinix;Hot 50;192g;6GB;8MP;50MP;MediaTek Helio G85;5000mAh;6.78 inches;USD 219;2024
Infinix;Hot 50i;190g;4GB;8MP;50MP;Unisoc T606;5000mAh;6.6 inches;USD 179;2024
Infinix;Hot 50 5G;195g;8GB;16MP;50MP;MediaTek Dimensity 810;5200mAh;6.78 inches;USD 289;2024
Infinix;Hot 50 Pro;194g;8GB;16MP;50MP;MediaTek Helio G99;5000mAh;6.8 inches;USD 269;2024
Infinix;Hot 50 Pro+;196g;12GB;32MP;108MP;MediaTek Dimensity 9200;5300mAh;6.9 inches;USD 379;2024
Infinix;GT 20 Pro;198g;12GB;32MP;108MP;MediaTek Dimensity 8200;5500mAh;6.9 inches;USD 449;2024
Infinix;Note 40X 5G;198g;8GB;32MP;108MP;MediaTek Dimensity 7200;5200mAh;6.8 inches;USD 349;2024
Infinix;Note 40S;196g;8GB;32MP;50MP;MediaTek Helio G99;5000mAh;6.78 inches;USD 279;2024
Infinix;Note 40 5G;195g;8GB;32MP;108MP;MediaTek Dimensity 8100;5200mAh;6.8 inches;USD 319;2024
Infinix;Note 40 Pro 5G;195g;12GB;32MP;108MP;MediaTek Dimensity 9000;5300mAh;6.8 inches;USD 399;2024
Infinix;Note 40 Racing Edition;196g;12GB;32MP;108MP;MediaTek Dimensity 9200;5500mAh;6.9 inches;USD 449;2024
Infinix;Hot 40;196g;8GB;32MP;50MP;MediaTek Helio G88;5000mAh;6.78 inches;USD 199;2023
Infinix;Hot 40i;195g;4GB;8MP;13MP;Unisoc T606;5000mAh;6.6 inches;USD 159;2023
Infinix;Hot 40 Pro;195g;8GB;32MP;108MP;MediaTek Helio G99;5000mAh;6.78 inches;USD 229;2023
Infinix;Zero 40;195g;12GB;50MP;108MP;MediaTek Dimensity 8200;5000mAh;6.78 inches;USD 349;2024
Infinix;Zero 40 5G;195g;12GB;50MP;108MP;MediaTek Dimensity 8200;5000mAh;6.78 inches;USD 379;2024
Infinix;Zero Flip;190g;8GB;32MP;108MP;Qualcomm Snapdragon 778G;4500mAh;6.7 inches;USD 399;2024
Infinix;Note 40;190g;8GB;32MP;108MP;MediaTek Helio G99;5000mAh;6.78 inches;USD 279;2024
Infinix;Note 40 Pro;190g;12GB;32MP;108MP;MediaTek Dimensity 8100;5000mAh;6.78 inches;USD 329;2024
Infinix;Hot 30;196g;8GB;8MP;50MP;MediaTek Helio G88;5000mAh;6.78 inches;USD 199;2023;128GB
Infinix;Hot 30i;191g;4GB;8MP;13MP;Unisoc T606;5000mAh;6.6 inches;USD 159;2023;128GB
Infinix;Hot 30i NFC;191g;4GB;8MP;13MP;Unisoc T606;5000mAh;6.6 inches;USD 159;2023;128GB
Infinix;Hot 30 Play;205g;4GB;8MP;16MP;MediaTek Helio G37;6000mAh;6.82 inches;USD 179;2023;128GB
Infinix;Hot 30 5G;202g;8GB;8MP;50MP;MediaTek Dimensity 810;5000mAh;6.78 inches;USD 239;2023;128GB
Infinix;Zero 30;185g;8GB;50MP;108MP;MediaTek Dimensity 8020;5000mAh;6.78 inches;USD 349;2023;256GB
Infinix;Zero 30 5G;185g;12GB;50MP;108MP;MediaTek Dimensity 8020;5000mAh;6.78 inches;USD 379;2023;256GB
Infinix;GT 10 Pro;187g;8GB;32MP;108MP;MediaTek Dimensity 8050;5000mAh;6.67 inches;USD 399;2023;256GB
Infinix;Hot 12;195g;6GB;8MP;13MP;MediaTek Helio G85;5000mAh;6.82 inches;USD 179;2022;128GB
Infinix;Hot 12 Play;209g;4GB;8MP;13MP;Unisoc T610;6000mAh;6.82 inches;USD 159;2022;128GB
Infinix;Hot 12 Pro;191g;8GB;8MP;50MP;Unisoc T616;5000mAh;6.6 inches;USD 199;2022;128GB
Infinix;Hot 12i;190g;4GB;8MP;13MP;MediaTek Helio A22;5000mAh;6.6 inches;USD 139;2022;64GB
Infinix;Hot 20;198g;6GB;8MP;50MP;MediaTek Helio G85;5000mAh;6.82 inches;USD 199;2022;128GB
Infinix;Hot 20 Play;209g;4GB;8MP;13MP;MediaTek Helio G37;6000mAh;6.82 inches;USD 159;2022;128GB
Infinix;Hot 20s;202g;8GB;8MP;50MP;MediaTek Helio G96;5000mAh;6.78 inches;USD 219;2022;128GB
Infinix;Hot 20 5G;204g;6GB;8MP;50MP;MediaTek Dimensity 810;5000mAh;6.6 inches;USD 239;2022;128GB
Infinix;Hot 20i;195g;4GB;8MP;13MP;MediaTek Helio G25;5000mAh;6.6 inches;USD 139;2022;64GB
Infinix;Hot 10T;205g;4GB;8MP;48MP;MediaTek Helio G70;5000mAh;6.82 inches;USD 149;2021;128GB
Infinix;Hot 10S;211g;6GB;8MP;48MP;MediaTek Helio G85;6000mAh;6.82 inches;USD 169;2021;128GB
Infinix;Hot 10S NFC;211g;6GB;8MP;48MP;MediaTek Helio G85;6000mAh;6.82 inches;USD 179;2021;128GB
Infinix;Hot 10 Lite;195g;3GB;8MP;13MP;MediaTek Helio A25;5000mAh;6.6 inches;USD 109;2020;64GB
Infinix;Hot 10 Play;207g;4GB;8MP;13MP;MediaTek Helio G25;6000mAh;6.82 inches;USD 139;2021;64GB
Infinix;Hot 11;201g;4GB;8MP;13MP;MediaTek Helio G70;5200mAh;6.6 inches;USD 159;2021;128GB
Infinix;Hot 11 Play;209g;4GB;8MP;13MP;MediaTek Helio G35;6000mAh;6.82 inches;USD 169;2021;128GB
Infinix;Hot 11s;205g;6GB;8MP;50MP;MediaTek Helio G88;5000mAh;6.78 inches;USD 189;2021;128GB
Infinix;Smart HD;195g;2GB;5MP;8MP;MediaTek Helio A20;5000mAh;6.1 inches;USD 79;2020;32GB
Infinix;Note 8i;210g;6GB;8MP;48MP;MediaTek Helio G80;5200mAh;6.78 inches;USD 199;2020;128GB
Infinix;Hot 10 Lite;195g;3GB;8MP;13MP;MediaTek Helio A25;5000mAh;6.6 inches;USD 109;2020;64GB
Infinix;Note 8;210g;6GB;16MP;64MP;MediaTek Helio G80;5200mAh;6.95 inches;USD 229;2020;128GB
Infinix;Zero 8i;210g;8GB;16MP;48MP;MediaTek Helio G90T;4500mAh;6.85 inches;USD 249;2020;128GB
Infinix;Hot 10;204g;4GB;8MP;16MP;MediaTek Helio G70;5200mAh;6.78 inches;USD 159;2020;128GB
Infinix;Zero 8;205g;8GB;48MP;64MP;MediaTek Helio G90T;4500mAh;6.85 inches;USD 279;2020;128GB
Infinix;Smart 5;195g;3GB;8MP;13MP;MediaTek Helio A20;5000mAh;6.6 inches;USD 99;2020;64GB
Honor;9X Lite;175g;4GB;8MP;48MP;Kirin 710F;3750mAh;6.5 inches;USD 219;2020
Honor;30;185g;8GB;32MP;40MP;Kirin 985 5G;4000mAh;6.53 inches;USD 449;2020
Honor;30 Pro;190g;8GB;32MP;50MP;Kirin 990 5G;4000mAh;6.57 inches;USD 599;2020
Honor;30 Pro+;192g;12GB;32MP;50MP;Kirin 990 5G;4000mAh;6.57 inches;USD 699;2020
Honor;30S;190g;6GB;16MP;64MP;Kirin 820 5G;4000mAh;6.5 inches;USD 349;2020
Honor;X10;203g;6GB;16MP;40MP;Kirin 820 5G;4300mAh;6.63 inches;USD 319;2020
Honor;X10 Max;227g;8GB;8MP;48MP;MediaTek Dimensity 800;5000mAh;7.09 inches;USD 379;2020
Honor;Play 4;213g;6GB;16MP;64MP;MediaTek Dimensity 800;4300mAh;6.81 inches;USD 349;2020
Honor;Play 4 Pro;213g;8GB;32MP;40MP;Kirin 990 5G;4200mAh;6.57 inches;USD 549;2020
Honor;10X Lite;206g;4GB;8MP;48MP;Kirin 710A;5000mAh;6.67 inches;USD 229;2020
Honor;V40;189g;8GB;16MP;50MP;MediaTek Dimensity 1000+;4000mAh;6.72 inches;USD 599;2021
Honor;50;175g;8GB;32MP;108MP;Qualcomm Snapdragon 778G;4300mAh;6.57 inches;USD 549;2021
Honor;50 Pro;187g;8GB;32MP;108MP;Qualcomm Snapdragon 778G;4000mAh;6.72 inches;USD 649;2021
Honor;50 SE;191g;8GB;16MP;108MP;MediaTek Dimensity 900;4000mAh;6.78 inches;USD 449;2021
Honor;X20;192g;6GB;16MP;64MP;MediaTek Dimensity 900;4300mAh;6.67 inches;USD 379;2021
Honor;X20 SE;179g;6GB;16MP;64MP;MediaTek Dimensity 700;4000mAh;6.6 inches;USD 299;2021
Honor;Play 5;179g;8GB;16MP;64MP;MediaTek Dimensity 800U;3800mAh;6.53 inches;USD 319;2021
Honor;Play 5T;191g;6GB;8MP;13MP;Unisoc T610;5000mAh;6.5 inches;USD 219;2021
Honor;Magic3;202g;8GB;13MP;50MP;Qualcomm Snapdragon 888;4600mAh;6.76 inches;USD 899;2021
Honor;Magic3 Pro;213g;8GB;13MP;50MP;Qualcomm Snapdragon 888+;4600mAh;6.76 inches;USD 1099;2021
Honor;Magic3 Pro+;236g;12GB;13MP;50MP;Qualcomm Snapdragon 888+;4600mAh;6.76 inches;USD 1299;2021
Honor;60;179g;8GB;32MP;108MP;Qualcomm Snapdragon 778G;4800mAh;6.67 inches;USD 549;2021
Honor;60 Pro;192g;8GB;50MP;108MP;Qualcomm Snapdragon 778G+;4800mAh;6.78 inches;USD 649;2021
Honor;60 SE;191g;8GB;16MP;64MP;MediaTek Dimensity 900;4300mAh;6.67 inches;USD 449;2021
Honor;X30;189g;6GB;16MP;48MP;Qualcomm Snapdragon 695;4800mAh;6.81 inches;USD 379;2021
Honor;X30i;175g;6GB;16MP;48MP;MediaTek Dimensity 810;4000mAh;6.7 inches;USD 299;2021
Honor;X30 Max;228g;8GB;8MP;64MP;MediaTek Dimensity 900;5000mAh;7.09 inches;USD 499;2021
Honor;Play 6;190g;6GB;5MP;13MP;MediaTek MT6762G Helio G25;5000mAh;6.52 inches;USD 179;2022
Honor;Play 6T;198g;6GB;5MP;13MP;MediaTek Dimensity 700;5000mAh;6.74 inches;USD 229;2022
Honor;Magic4;199g;8GB;12MP;50MP;Qualcomm Snapdragon 8 Gen 1;4800mAh;6.81 inches;USD 899;2022
Honor;Magic4 Pro;215g;8GB;12MP;50MP;Qualcomm Snapdragon 8 Gen 1;4600mAh;6.81 inches;USD 1099;2022
Honor;Magic4 Ultimate;242g;12GB;12MP;50MP;Qualcomm Snapdragon 8 Gen 1;4600mAh;6.81 inches;USD 1299;2022
Honor;Magic V;288g;12GB;42MP;50MP;Qualcomm Snapdragon 8 Gen 1;4750mAh;7.9 inches;USD 1799;2022
Honor;70;178g;8GB;32MP;54MP;Qualcomm Snapdragon 778G+;4800mAh;6.67 inches;USD 549;2022
Honor;70 Pro;192g;8GB;50MP;54MP;MediaTek Dimensity 8000;4500mAh;6.78 inches;USD 699;2022
Honor;70 Pro+;209g;12GB;50MP;54MP;MediaTek Dimensity 9000;4500mAh;6.78 inches;USD 799;2022
Honor;X40;172g;6GB;8MP;50MP;Qualcomm Snapdragon 695;5100mAh;6.67 inches;USD 299;2022
Honor;X40i;175g;6GB;8MP;50MP;MediaTek Dimensity 700;4000mAh;6.7 inches;USD 279;2022
Honor;Play 7;196g;4GB;5MP;13MP;MediaTek Helio G37;5200mAh;6.74 inches;USD 159;2023
Honor;Play 7T;199g;6GB;5MP;13MP;MediaTek Dimensity 6020;5200mAh;6.74 inches;USD 199;2023
Honor;Magic5;204g;8GB;12MP;50MP;Qualcomm Snapdragon 8 Gen 2;5100mAh;6.81 inches;USD 999;2023
Honor;Magic5 Pro;219g;12GB;12MP;50MP;Qualcomm Snapdragon 8 Gen 2;5100mAh;6.81 inches;USD 1199;2023
Honor;Magic5 Ultimate;234g;16GB;12MP;50MP;Qualcomm Snapdragon 8 Gen 2;5450mAh;6.81 inches;USD 1399;2023
Honor;Magic Vs;267g;12GB;16MP;50MP;Qualcomm Snapdragon 8+ Gen 1;5000mAh;7.9 inches;USD 1699;2023
Honor;80;180g;8GB;32MP;160MP;Qualcomm Snapdragon 782G;4800mAh;6.67 inches;USD 549;2022
Honor;80 Pro;193g;12GB;50MP;160MP;Qualcomm Snapdragon 8+ Gen 1;4800mAh;6.78 inches;USD 799;2022
Honor;80 SE;175g;8GB;32MP;64MP;MediaTek Dimensity 900;4600mAh;6.67 inches;USD 399;2022
Honor;X50;185g;6GB;8MP;108MP;Qualcomm Snapdragon 6 Gen 1;5800mAh;6.78 inches;USD 299;2023
Honor;X50i;179g;6GB;8MP;100MP;MediaTek Dimensity 6020;4500mAh;6.7 inches;USD 249;2023
Honor;Play 8;191g;4GB;5MP;13MP;MediaTek Helio G36;5000mAh;6.52 inches;USD 149;2023
Honor;Play 8T;195g;6GB;5MP;50MP;MediaTek Dimensity 6100+;5200mAh;6.74 inches;USD 189;2023
Honor;Magic6;203g;8GB;12MP;50MP;Qualcomm Snapdragon 8 Gen 3;5200mAh;6.81 inches;USD 1099;2024
Honor;Magic6 Pro;219g;12GB;12MP;50MP;Qualcomm Snapdragon 8 Gen 3;5500mAh;6.81 inches;USD 1299;2024
Honor;Magic6 Ultimate;234g;16GB;12MP;50MP;Qualcomm Snapdragon 8 Gen 3;5550mAh;6.81 inches;USD 1499;2024
Honor;Magic V2;231g;12GB;16MP;50MP;Qualcomm Snapdragon 8 Gen 2;5000mAh;7.92 inches;USD 1899;2024
Honor;90;183g;12GB;50MP;200MP;Qualcomm Snapdragon 7 Gen 1;5000mAh;6.7 inches;USD 599;2023
Honor;90 Pro;192g;12GB;50MP;200MP;Qualcomm Snapdragon 8+ Gen 1;5000mAh;6.78 inches;USD 699;2023
Honor;90 SE;175g;8GB;32MP;64MP;MediaTek Dimensity 900;4600mAh;6.67 inches;USD 399;2023
Honor;X60;185g;6GB;8MP;108MP;Qualcomm Snapdragon 6 Gen 1;5800mAh;6.78 inches;USD 299;2023
Honor;X60i;179g;6GB;8MP;100MP;MediaTek Dimensity 6020;4500mAh;6.7 inches;USD 249;2023
Honor;Play 9;191g;4GB;5MP;13MP;MediaTek Helio G36;5000mAh;6.52 inches;USD 149;2023
Honor;Play 9T;195g;6GB;5MP;50MP;MediaTek Dimensity 6100+;5200mAh;6.74 inches;USD 189;2023
Honor;Magic7;203g;8GB;12MP;50MP;Qualcomm Snapdragon 8 Gen 3;5200mAh;6.81 inches;USD 1099;2024
Honor;Magic7 Pro;219g;12GB;12MP;50MP;Qualcomm Snapdragon 8 Gen 3;5500mAh;6.81 inches;USD 1299;2024
Honor;Magic7 Ultimate;234g;16GB;12MP;50MP;Qualcomm Snapdragon 8 Gen 3;5550mAh;6.81 inches;USD 1499;2024
Honor;Magic V3;231g;12GB;16MP;50MP;Qualcomm Snapdragon 8 Gen 2;5000mAh;7.92 inches;USD 1899;2024
Honor;Pad 6;460g;4GB;2MP;5MP;Qualcomm Snapdragon 662;5100mAh;10.1 inches;USD 199;2020
Honor;Pad X6;460g;3GB;2MP;5MP;MediaTek MT8768T;5100mAh;9.7 inches;USD 159;2020
Honor;Pad 7;460g;4GB;2MP;5MP;MediaTek Helio G80;5100mAh;10.1 inches;USD 229;2021
Honor;Tablet V7;480g;6GB;8MP;13MP;MediaTek Dimensity 800;7250mAh;10.4 inches;USD 399;2021
Honor;Tablet V7 Pro;485g;8GB;8MP;13MP;MediaTek Dimensity 1300T;7250mAh;11.0 inches;USD 499;2021
Honor;Pad 8;520g;6GB;5MP;5MP;Qualcomm Snapdragon 680;7250mAh;12.0 inches;USD 299;2022
Honor;Pad X8;460g;4GB;2MP;5MP;MediaTek Helio G80;5100mAh;10.1 inches;USD 189;2022
Honor;Pad X8 Lite;450g;3GB;2MP;5MP;MediaTek MT8786;5000mAh;9.7 inches;USD 149;2022
Honor;Pad V8;510g;6GB;5MP;13MP;MediaTek Dimensity 8020;7250mAh;11.0 inches;USD 449;2023
Honor;Pad V8 Pro;530g;8GB;8MP;13MP;MediaTek Dimensity 9000;8500mAh;12.1 inches;USD 649;2023
Honor;Pad 9;550g;8GB;8MP;13MP;Qualcomm Snapdragon 6 Gen 1;8300mAh;12.1 inches;USD 399;2024
Honor;Pad 9 Pro;560g;12GB;8MP;13MP;MediaTek Dimensity 8100;9000mAh;12.6 inches;USD 499;2024
Honor;Pad X9;495g;6GB;5MP;8MP;Qualcomm Snapdragon 685;7250mAh;11.5 inches;USD 299;2023
Honor;Pad X8 Pro;460g;4GB;2MP;5MP;MediaTek Helio G80;5100mAh;10.1 inches;USD 189;2023
Honor;MagicPad 13;590g;12GB;8MP;13MP;Qualcomm Snapdragon 8+ Gen 1;10000mAh;13.0 inches;USD 799;2023
Honor;MagicPad 2;580g;16GB;12MP;16MP;Qualcomm Snapdragon 8 Gen 2;10500mAh;13.2 inches;USD 899;2024
Honor;Pad X8a;450g;4GB;2MP;5MP;MediaTek MT8786;5000mAh;9.7 inches;USD 149;2023
Honor;Pad X8a Kids Edition;460g;3GB;2MP;5MP;MediaTek MT8786;5100mAh;9.7 inches;USD 129;2023
Honor;Pad X9 Pro;505g;8GB;8MP;13MP;Qualcomm Snapdragon 7s Gen 2;8000mAh;11.6 inches;USD 399;2024
Honor;Pad V9;530g;8GB;8MP;13MP;MediaTek Dimensity 9000;8500mAh;12.1 inches;USD 649;2024
Honor;Pad GT Pro;610g;12GB;12MP;16MP;Qualcomm Snapdragon 8 Gen 3;10500mAh;13.5 inches;USD 999;2024
Honor;Pad X10;475g;6GB;5MP;8MP;Qualcomm Snapdragon 685;8850mAh;12.1 inches;USD 399;2024
Honor;Pad X10 Pro;485g;8GB;8MP;13MP;Qualcomm Snapdragon 7s Gen 2;9000mAh;12.6 inches;USD 499;2024
Honor;MagicPad 3;590g;12GB;12MP;16MP;Qualcomm Snapdragon 8 Gen 3;10500mAh;13.0 inches;USD 799;2024
Honor;Pad V10;530g;8GB;8MP;13MP;MediaTek Dimensity 9000;8500mAh;12.1 inches;USD 649;2024
POCO;F2 Pro;219g;6GB;20MP;64MP;Snapdragon 865;4700mAh;6.67 inches;USD 499;2020;128GB
POCO;M2 Pro;209g;4GB;16MP;48MP;Snapdragon 720G;5000mAh;6.67 inches;USD 199;2020;64GB
POCO;X3 NFC;215g;6GB;20MP;64MP;Snapdragon 732G;5160mAh;6.67 inches;USD 229;2020;128GB
POCO;M3;198g;4GB;8MP;48MP;Snapdragon 662;6000mAh;6.53 inches;USD 149;2020;64GB
POCO;F3;196g;6GB;20MP;48MP;Snapdragon 870;4520mAh;6.67 inches;USD 349;2021;128GB
POCO;X3 Pro;215g;6GB;20MP;48MP;Snapdragon 860;5160mAh;6.67 inches;USD 249;2021;128GB
POCO;M3 Pro 5G;190g;4GB;8MP;48MP;MediaTek Dimensity 700;5000mAh;6.5 inches;USD 199;2021;64GB
POCO;F3 GT;205g;6GB;16MP;64MP;MediaTek Dimensity 1200;5065mAh;6.67 inches;USD 399;2021;128GB
POCO;X3 GT;193g;6GB;16MP;64MP;MediaTek Dimensity 1100;5000mAh;6.6 inches;USD 279;2021;128GB
POCO;M4 Pro 5G;195g;4GB;16MP;50MP;MediaTek Dimensity 810;5000mAh;6.6 inches;USD 219;2021;128GB
POCO;F4;195g;6GB;20MP;64MP;Snapdragon 870;4500mAh;6.67 inches;USD 349;2022;128GB
POCO;F4 GT;210g;8GB;20MP;64MP;Snapdragon 8 Gen 1;4700mAh;6.67 inches;USD 499;2022;128GB
POCO;X4 Pro 5G;205g;6GB;16MP;108MP;Snapdragon 695;5000mAh;6.67 inches;USD 299;2022;128GB
POCO;M4 Pro;179g;6GB;16MP;64MP;MediaTek Helio G96;5000mAh;6.43 inches;USD 219;2022;128GB
POCO;M5;201g;4GB;5MP;50MP;MediaTek Helio G99;5000mAh;6.58 inches;USD 199;2022;128GB
POCO;M5s;178.8g;4GB;13MP;64MP;MediaTek Helio G95;5000mAh;6.43 inches;USD 229;2022;128GB
POCO;F5;181g;6GB;16MP;64MP;Snapdragon 7+ Gen 2;5000mAh;6.67 inches;USD 349;2023;128GB
POCO;F5 Pro;204g;8GB;20MP;64MP;Snapdragon 8+ Gen 1;5160mAh;6.67 inches;USD 499;2023;256GB
POCO;X5;189g;6GB;13MP;48MP;Snapdragon 695;5000mAh;6.67 inches;USD 279;2023;128GB
POCO;X5 Pro;181g;6GB;16MP;108MP;Snapdragon 778G;5000mAh;6.67 inches;USD 329;2023;128GB
POCO;M6;199g;4GB;8MP;50MP;MediaTek Helio G88;5000mAh;6.58 inches;USD 199;2023;64GB
POCO;M6 Pro;202g;6GB;8MP;50MP;Snapdragon 4 Gen 1;5000mAh;6.79 inches;USD 219;2023;128GB
POCO;X6;193g;6GB;16MP;64MP;MediaTek Dimensity 8100;5000mAh;6.67 inches;USD 349;2024;128GB
POCO;X6 Pro;205g;8GB;20MP;108MP;MediaTek Dimensity 8300;5000mAh;6.67 inches;USD 399;2024;256GB
POCO;F6;190g;6GB;20MP;64MP;Snapdragon 8 Gen 2;5000mAh;6.67 inches;USD 449;2024;128GB
POCO;F6 Pro;210g;8GB;20MP;108MP;Snapdragon 8+ Gen 2;5160mAh;6.67 inches;USD 549;2024;256GB
POCO;C65;190g;4GB;5MP;50MP;MediaTek Helio G85;5000mAh;6.5 inches;USD 149;2024;64GB
POCO;X7;195g;6GB;16MP;64MP;MediaTek Dimensity 8200;5000mAh;6.67 inches;USD 329;2025;128GB
POCO;X7 Pro;207g;8GB;20MP;108MP;MediaTek Dimensity 8400;6000mAh;6.67 inches;USD 399;2025;256GB
POCO;M7 5G;198g;6GB;8MP;50MP;MediaTek Dimensity 7025;5110mAh;6.67 inches;USD 229;2024;128GB
Poco;Pad 5G;571g;8GB;8MP;8MP;Snapdragon 7s Gen 2;10000mAh;12.1 inches;USD 280;2024;128GB
Poco;Pad 5G;571g;8GB;8MP;8MP;Snapdragon 7s Gen 2;10000mAh;12.1 inches;USD 300;2024;256GB
Samsung;Galaxy Z Fold6;239g;12GB;10MP, 4MP (UDC);50MP;Snapdragon 8 Gen 3;4400mAh;7.6 inches;USD 1899;2024;256GB
Samsung;Galaxy Z Fold6;239g;12GB;10MP, 4MP (UDC);50MP;Snapdragon 8 Gen 3;4400mAh;7.6 inches;USD 1719;2024;512GB
Samsung;Galaxy Z Fold6 1TB;239g;12GB;10MP, 4MP (UDC);50MP;Snapdragon 8 Gen 3;4400mAh;7.6 inches;USD 2259;2024
